Id_data;Data
1;22/01/2020
2;22/01/2020
3;22/01/2020
4;22/01/2020
5;22/01/2020
6;22/01/2020
7;22/01/2020
8;22/01/2020
9;22/01/2020
10;22/01/2020
11;26/01/2020
12;26/01/2020
13;26/01/2020
14;26/01/2020
15;26/01/2020
16;26/01/2020
17;26/01/2020
18;26/01/2020
19;26/01/2020
20;26/01/2020
21;26/01/2020
22;26/01/2020
23;26/01/2020
24;26/01/2020
25;26/01/2020
26;26/01/2020
27;26/01/2020
28;26/01/2020
29;26/01/2020
30;26/01/2020
31;26/01/2020
32;26/01/2020
33;26/01/2020
34;26/01/2020
35;26/01/2020
36;26/01/2020
37;26/01/2020
38;26/01/2020
39;26/01/2020
40;26/01/2020
41;26/01/2020
42;26/01/2020
43;26/01/2020
44;26/01/2020
45;26/01/2020
46;26/01/2020
47;26/01/2020
48;26/01/2020
49;26/01/2020
50;26/01/2020
51;26/01/2020
52;26/01/2020
53;26/01/2020
54;26/01/2020
55;26/01/2020
56;26/01/2020
57;26/01/2020
58;26/01/2020
59;26/01/2020
60;26/01/2020
61;26/01/2020
62;26/01/2020
63;27/01/2020
64;27/01/2020
65;27/01/2020
66;27/01/2020
67;27/01/2020
68;27/01/2020
69;27/01/2020
70;27/01/2020
71;28/01/2020
72;28/01/2020
73;28/01/2020
74;28/01/2020
75;28/01/2020
76;28/01/2020
77;28/01/2020
78;28/01/2020
79;28/01/2020
80;28/01/2020
81;28/01/2020
82;28/01/2020
83;28/01/2020
84;28/01/2020
85;28/01/2020
86;28/01/2020
87;28/01/2020
88;28/01/2020
89;28/01/2020
90;28/01/2020
91;28/01/2020
92;28/01/2020
93;28/01/2020
94;28/01/2020
95;28/01/2020
96;28/01/2020
97;28/01/2020
98;28/01/2020
99;28/01/2020
100;28/01/2020
101;28/01/2020
102;28/01/2020
103;28/01/2020
104;28/01/2020
105;28/01/2020
106;28/01/2020
107;28/01/2020
108;28/01/2020
109;28/01/2020
110;28/01/2020
111;28/01/2020
112;28/01/2020
113;28/01/2020
114;28/01/2020
115;28/01/2020
116;28/01/2020
117;28/01/2020
118;28/01/2020
119;28/01/2020
120;28/01/2020
121;28/01/2020
122;28/01/2020
123;28/01/2020
124;28/01/2020
125;28/01/2020
126;28/01/2020
127;28/01/2020
128;28/01/2020
129;28/01/2020
130;28/01/2020
131;28/01/2020
132;28/01/2020
133;28/01/2020
134;28/01/2020
135;28/01/2020
136;28/01/2020
137;28/01/2020
138;28/01/2020
139;28/01/2020
140;28/01/2020
141;28/01/2020
142;28/01/2020
143;28/01/2020
144;28/01/2020
145;28/01/2020
146;28/01/2020
147;28/01/2020
148;28/01/2020
149;28/01/2020
150;28/01/2020
151;28/01/2020
152;28/01/2020
153;28/01/2020
154;28/01/2020
155;28/01/2020
156;28/01/2020
157;28/01/2020
158;28/01/2020
159;28/01/2020
160;28/01/2020
161;28/01/2020
162;28/01/2020
163;28/01/2020
164;28/01/2020
165;29/01/2020
166;29/01/2020
167;29/01/2020
168;29/01/2020
169;29/01/2020
170;29/01/2020
171;29/01/2020
172;29/01/2020
173;29/01/2020
174;29/01/2020
175;29/01/2020
176;29/01/2020
177;29/01/2020
178;29/01/2020
179;29/01/2020
180;29/01/2020
181;29/01/2020
182;29/01/2020
183;29/01/2020
184;29/01/2020
185;29/01/2020
186;29/01/2020
187;29/01/2020
188;29/01/2020
189;29/01/2020
190;29/01/2020
191;29/01/2020
192;29/01/2020
193;29/01/2020
194;29/01/2020
195;29/01/2020
196;29/01/2020
197;29/01/2020
198;29/01/2020
199;29/01/2020
200;29/01/2020
201;29/01/2020
202;29/01/2020
203;29/01/2020
204;29/01/2020
205;29/01/2020
206;29/01/2020
207;29/01/2020
208;29/01/2020
209;29/01/2020
210;29/01/2020
211;29/01/2020
212;29/01/2020
213;29/01/2020
214;29/01/2020
215;29/01/2020
216;29/01/2020
217;29/01/2020
218;29/01/2020
219;29/01/2020
220;29/01/2020
221;29/01/2020
222;29/01/2020
223;29/01/2020
224;29/01/2020
225;29/01/2020
226;29/01/2020
227;29/01/2020
228;29/01/2020
229;29/01/2020
230;29/01/2020
231;29/01/2020
232;29/01/2020
233;30/01/2020
234;30/01/2020
235;30/01/2020
236;30/01/2020
237;30/01/2020
238;30/01/2020
239;30/01/2020
240;30/01/2020
241;30/01/2020
242;30/01/2020
243;30/01/2020
244;30/01/2020
245;30/01/2020
246;30/01/2020
247;30/01/2020
248;30/01/2020
249;30/01/2020
250;30/01/2020
251;30/01/2020
252;30/01/2020
253;30/01/2020
254;30/01/2020
255;30/01/2020
256;30/01/2020
257;30/01/2020
258;30/01/2020
259;30/01/2020
260;30/01/2020
261;30/01/2020
262;30/01/2020
263;30/01/2020
264;30/01/2020
265;30/01/2020
266;30/01/2020
267;30/01/2020
268;30/01/2020
269;30/01/2020
270;30/01/2020
271;30/01/2020
272;30/01/2020
273;30/01/2020
274;30/01/2020
275;30/01/2020
276;31/01/2020
277;31/01/2020
278;31/01/2020
279;31/01/2020
280;31/01/2020
281;31/01/2020
282;31/01/2020
283;31/01/2020
284;31/01/2020
285;31/01/2020
286;31/01/2020
287;31/01/2020
288;31/01/2020
289;31/01/2020
290;31/01/2020
291;31/01/2020
292;31/01/2020
293;31/01/2020
294;31/01/2020
295;31/01/2020
296;31/01/2020
297;31/01/2020
298;31/01/2020
299;31/01/2020
300;31/01/2020
301;31/01/2020
302;31/01/2020
303;31/01/2020
304;31/01/2020
305;31/01/2020
306;31/01/2020
307;31/01/2020
308;31/01/2020
309;31/01/2020
310;31/01/2020
311;31/01/2020
312;31/01/2020
313;31/01/2020
314;31/01/2020
315;31/01/2020
316;31/01/2020
317;31/01/2020
318;01/02/2020
319;01/02/2020
320;01/02/2020
321;01/02/2020
322;01/02/2020
323;02/02/2020
324;02/02/2020
325;02/02/2020
326;02/02/2020
327;02/02/2020
328;02/02/2020
329;02/02/2020
330;02/02/2020
331;02/02/2020
332;02/02/2020
333;06/02/2020
334;06/02/2020
335;06/02/2020
336;06/02/2020
337;06/02/2020
338;06/02/2020
339;06/02/2020
340;06/02/2020
341;06/02/2020
342;06/02/2020
343;06/02/2020
344;06/02/2020
345;06/02/2020
346;06/02/2020
347;06/02/2020
348;06/02/2020
349;06/02/2020
350;06/02/2020
351;06/02/2020
352;06/02/2020
353;06/02/2020
354;06/02/2020
355;06/02/2020
356;06/02/2020
357;06/02/2020
358;06/02/2020
359;06/02/2020
360;06/02/2020
361;06/02/2020
362;07/02/2020
363;07/02/2020
364;07/02/2020
365;07/02/2020
366;07/02/2020
367;07/02/2020
368;07/02/2020
369;07/02/2020
370;07/02/2020
371;07/02/2020
372;07/02/2020
373;07/02/2020
374;07/02/2020
375;07/02/2020
376;07/02/2020
377;07/02/2020
378;07/02/2020
379;07/02/2020
380;07/02/2020
381;07/02/2020
382;07/02/2020
383;07/02/2020
384;07/02/2020
385;07/02/2020
386;07/02/2020
387;07/02/2020
388;07/02/2020
389;07/02/2020
390;07/02/2020
391;07/02/2020
392;07/02/2020
393;07/02/2020
394;07/02/2020
395;07/02/2020
396;07/02/2020
397;07/02/2020
398;07/02/2020
399;07/02/2020
400;07/02/2020
401;07/02/2020
402;07/02/2020
403;07/02/2020
404;07/02/2020
405;07/02/2020
406;07/02/2020
407;07/02/2020
408;07/02/2020
409;07/02/2020
410;07/02/2020
411;07/02/2020
412;07/02/2020
413;07/02/2020
414;07/02/2020
415;07/02/2020
416;07/02/2020
417;07/02/2020
418;07/02/2020
419;07/02/2020
420;07/02/2020
421;07/02/2020
422;07/02/2020
423;07/02/2020
424;07/02/2020
425;07/02/2020
426;07/02/2020
427;07/02/2020
428;07/02/2020
429;07/02/2020
430;07/02/2020
431;07/02/2020
432;07/02/2020
433;07/02/2020
434;07/02/2020
435;07/02/2020
436;07/02/2020
437;07/02/2020
438;07/02/2020
439;07/02/2020
440;07/02/2020
441;07/02/2020
442;07/02/2020
443;07/02/2020
444;07/02/2020
445;07/02/2020
446;07/02/2020
447;07/02/2020
448;07/02/2020
449;07/02/2020
450;07/02/2020
451;07/02/2020
452;07/02/2020
453;07/02/2020
454;07/02/2020
455;07/02/2020
456;07/02/2020
457;07/02/2020
458;07/02/2020
459;07/02/2020
460;07/02/2020
461;07/02/2020
462;07/02/2020
463;07/02/2020
464;07/02/2020
465;07/02/2020
466;07/02/2020
467;07/02/2020
468;07/02/2020
469;07/02/2020
470;07/02/2020
471;07/02/2020
472;07/02/2020
473;07/02/2020
474;07/02/2020
475;07/02/2020
476;07/02/2020
477;07/02/2020
478;07/02/2020
479;07/02/2020
480;07/02/2020
481;07/02/2020
482;07/02/2020
483;07/02/2020
484;07/02/2020
485;07/02/2020
486;07/02/2020
487;07/02/2020
488;07/02/2020
489;07/02/2020
490;07/02/2020
491;07/02/2020
492;07/02/2020
493;07/02/2020
494;07/02/2020
495;07/02/2020
496;07/02/2020
497;07/02/2020
498;07/02/2020
499;07/02/2020
500;07/02/2020
501;07/02/2020
502;07/02/2020
503;07/02/2020
504;07/02/2020
505;07/02/2020
506;07/02/2020
507;07/02/2020
508;07/02/2020
509;07/02/2020
510;07/02/2020
511;07/02/2020
512;07/02/2020
513;07/02/2020
514;07/02/2020
515;07/02/2020
516;07/02/2020
517;07/02/2020
518;08/02/2020
519;08/02/2020
520;08/02/2020
521;08/02/2020
522;08/02/2020
523;08/02/2020
524;08/02/2020
525;08/02/2020
526;08/02/2020
527;08/02/2020
528;08/02/2020
529;08/02/2020
530;08/02/2020
531;08/02/2020
532;08/02/2020
533;08/02/2020
534;08/02/2020
535;08/02/2020
536;08/02/2020
537;08/02/2020
538;08/02/2020
539;08/02/2020
540;08/02/2020
541;08/02/2020
542;08/02/2020
543;08/02/2020
544;08/02/2020
545;08/02/2020
546;08/02/2020
547;08/02/2020
548;08/02/2020
549;08/02/2020
550;08/02/2020
551;08/02/2020
552;08/02/2020
553;08/02/2020
554;08/02/2020
555;08/02/2020
556;08/02/2020
557;08/02/2020
558;08/02/2020
559;08/02/2020
560;08/02/2020
561;08/02/2020
562;08/02/2020
563;08/02/2020
564;08/02/2020
565;08/02/2020
566;08/02/2020
567;08/02/2020
568;08/02/2020
569;08/02/2020
570;08/02/2020
571;08/02/2020
572;08/02/2020
573;08/02/2020
574;08/02/2020
575;08/02/2020
576;08/02/2020
577;08/02/2020
578;08/02/2020
579;09/02/2020
580;10/02/2020
581;10/02/2020
582;10/02/2020
583;10/02/2020
584;10/02/2020
585;10/02/2020
586;10/02/2020
587;10/02/2020
588;10/02/2020
589;10/02/2020
590;10/02/2020
591;10/02/2020
592;10/02/2020
593;10/02/2020
594;10/02/2020
595;10/02/2020
596;10/02/2020
597;10/02/2020
598;10/02/2020
599;10/02/2020
600;10/02/2020
601;10/02/2020
602;10/02/2020
603;10/02/2020
604;10/02/2020
605;10/02/2020
606;10/02/2020
607;10/02/2020
608;10/02/2020
609;10/02/2020
610;10/02/2020
611;10/02/2020
612;10/02/2020
613;10/02/2020
614;10/02/2020
615;10/02/2020
616;10/02/2020
617;10/02/2020
618;10/02/2020
619;10/02/2020
620;10/02/2020
621;10/02/2020
622;10/02/2020
623;10/02/2020
624;10/02/2020
625;10/02/2020
626;10/02/2020
627;10/02/2020
628;10/02/2020
629;10/02/2020
630;10/02/2020
631;10/02/2020
632;10/02/2020
633;10/02/2020
634;10/02/2020
635;10/02/2020
636;10/02/2020
637;10/02/2020
638;10/02/2020
639;10/02/2020
640;10/02/2020
641;10/02/2020
642;10/02/2020
643;10/02/2020
644;10/02/2020
645;10/02/2020
646;10/02/2020
647;10/02/2020
648;10/02/2020
649;10/02/2020
650;10/02/2020
651;10/02/2020
652;10/02/2020
653;10/02/2020
654;10/02/2020
655;10/02/2020
656;10/02/2020
657;10/02/2020
658;10/02/2020
659;10/02/2020
660;10/02/2020
661;10/02/2020
662;10/02/2020
663;10/02/2020
664;10/02/2020
665;10/02/2020
666;10/02/2020
667;10/02/2020
668;10/02/2020
669;10/02/2020
670;10/02/2020
671;10/02/2020
672;10/02/2020
673;10/02/2020
674;10/02/2020
675;10/02/2020
676;10/02/2020
677;10/02/2020
678;10/02/2020
679;10/02/2020
680;10/02/2020
681;10/02/2020
682;10/02/2020
683;10/02/2020
684;10/02/2020
685;10/02/2020
686;10/02/2020
687;10/02/2020
688;10/02/2020
689;10/02/2020
690;10/02/2020
691;10/02/2020
692;11/02/2020
693;11/02/2020
694;11/02/2020
695;11/02/2020
696;11/02/2020
697;11/02/2020
698;11/02/2020
699;11/02/2020
700;11/02/2020
701;11/02/2020
702;11/02/2020
703;11/02/2020
704;11/02/2020
705;11/02/2020
706;11/02/2020
707;11/02/2020
708;12/02/2020
709;12/02/2020
710;12/02/2020
711;12/02/2020
712;12/02/2020
713;12/02/2020
714;12/02/2020
715;12/02/2020
716;12/02/2020
717;12/02/2020
718;12/02/2020
719;12/02/2020
720;12/02/2020
721;12/02/2020
722;12/02/2020
723;12/02/2020
724;12/02/2020
725;12/02/2020
726;12/02/2020
727;12/02/2020
728;12/02/2020
729;12/02/2020
730;12/02/2020
731;12/02/2020
732;12/02/2020
733;12/02/2020
734;12/02/2020
735;12/02/2020
736;12/02/2020
737;12/02/2020
738;12/02/2020
739;12/02/2020
740;12/02/2020
741;12/02/2020
742;12/02/2020
743;12/02/2020
744;12/02/2020
745;12/02/2020
746;12/02/2020
747;12/02/2020
748;12/02/2020
749;12/02/2020
750;12/02/2020
751;12/02/2020
752;12/02/2020
753;12/02/2020
754;12/02/2020
755;12/02/2020
756;12/02/2020
757;12/02/2020
758;12/02/2020
759;12/02/2020
760;12/02/2020
761;12/02/2020
762;12/02/2020
763;12/02/2020
764;12/02/2020
765;12/02/2020
766;12/02/2020
767;12/02/2020
768;12/02/2020
769;12/02/2020
770;12/02/2020
771;12/02/2020
772;12/02/2020
773;12/02/2020
774;12/02/2020
775;12/02/2020
776;12/02/2020
777;12/02/2020
778;12/02/2020
779;12/02/2020
780;12/02/2020
781;12/02/2020
782;12/02/2020
783;12/02/2020
784;12/02/2020
785;12/02/2020
786;12/02/2020
787;12/02/2020
788;12/02/2020
789;12/02/2020
790;12/02/2020
791;12/02/2020
792;12/02/2020
793;12/02/2020
794;12/02/2020
795;12/02/2020
796;12/02/2020
797;12/02/2020
798;12/02/2020
799;12/02/2020
800;15/02/2020
801;15/02/2020
802;15/02/2020
803;15/02/2020
804;15/02/2020
805;15/02/2020
806;15/02/2020
807;15/02/2020
808;15/02/2020
809;15/02/2020
810;15/02/2020
811;15/02/2020
812;15/02/2020
813;15/02/2020
814;15/02/2020
815;15/02/2020
816;15/02/2020
817;15/02/2020
818;15/02/2020
819;15/02/2020
820;15/02/2020
821;15/02/2020
822;15/02/2020
823;15/02/2020
824;15/02/2020
825;15/02/2020
826;15/02/2020
827;15/02/2020
828;15/02/2020
829;15/02/2020
830;15/02/2020
831;15/02/2020
832;15/02/2020
833;15/02/2020
834;15/02/2020
835;15/02/2020
836;15/02/2020
837;15/02/2020
838;15/02/2020
839;15/02/2020
840;15/02/2020
841;15/02/2020
842;15/02/2020
843;15/02/2020
844;15/02/2020
845;15/02/2020
846;15/02/2020
847;15/02/2020
848;15/02/2020
849;15/02/2020
850;15/02/2020
851;15/02/2020
852;15/02/2020
853;15/02/2020
854;15/02/2020
855;15/02/2020
856;15/02/2020
857;15/02/2020
858;15/02/2020
859;15/02/2020
860;15/02/2020
861;15/02/2020
862;15/02/2020
863;15/02/2020
864;15/02/2020
865;15/02/2020
866;15/02/2020
867;15/02/2020
868;15/02/2020
869;15/02/2020
870;15/02/2020
871;15/02/2020
872;15/02/2020
873;15/02/2020
874;15/02/2020
875;15/02/2020
876;15/02/2020
877;15/02/2020
878;15/02/2020
879;15/02/2020
880;15/02/2020
881;15/02/2020
882;15/02/2020
883;16/02/2020
884;16/02/2020
885;16/02/2020
886;16/02/2020
887;16/02/2020
888;16/02/2020
889;17/02/2020
890;17/02/2020
891;17/02/2020
892;17/02/2020
893;17/02/2020
894;17/02/2020
895;17/02/2020
896;17/02/2020
897;17/02/2020
898;17/02/2020
899;17/02/2020
900;17/02/2020
901;17/02/2020
902;17/02/2020
903;17/02/2020
904;17/02/2020
905;17/02/2020
906;17/02/2020
907;17/02/2020
908;17/02/2020
909;17/02/2020
910;17/02/2020
911;17/02/2020
912;17/02/2020
913;17/02/2020
914;17/02/2020
915;17/02/2020
916;17/02/2020
917;17/02/2020
918;17/02/2020
919;17/02/2020
920;17/02/2020
921;17/02/2020
922;17/02/2020
923;17/02/2020
924;17/02/2020
925;17/02/2020
926;17/02/2020
927;17/02/2020
928;17/02/2020
929;17/02/2020
930;17/02/2020
931;17/02/2020
932;17/02/2020
933;17/02/2020
934;17/02/2020
935;17/02/2020
936;17/02/2020
937;17/02/2020
938;17/02/2020
939;17/02/2020
940;17/02/2020
941;17/02/2020
942;17/02/2020
943;17/02/2020
944;17/02/2020
945;17/02/2020
946;17/02/2020
947;17/02/2020
948;17/02/2020
949;17/02/2020
950;17/02/2020
951;17/02/2020
952;17/02/2020
953;17/02/2020
954;17/02/2020
955;17/02/2020
956;17/02/2020
957;17/02/2020
958;17/02/2020
959;17/02/2020
960;17/02/2020
961;17/02/2020
962;17/02/2020
963;17/02/2020
964;17/02/2020
965;17/02/2020
966;17/02/2020
967;17/02/2020
968;17/02/2020
969;17/02/2020
970;17/02/2020
971;17/02/2020
972;17/02/2020
973;17/02/2020
974;17/02/2020
975;17/02/2020
976;17/02/2020
977;17/02/2020
978;17/02/2020
979;17/02/2020
980;17/02/2020
981;17/02/2020
982;17/02/2020
983;17/02/2020
984;17/02/2020
985;17/02/2020
986;17/02/2020
987;17/02/2020
988;17/02/2020
989;17/02/2020
990;17/02/2020
991;17/02/2020
992;17/02/2020
993;17/02/2020
994;17/02/2020
995;17/02/2020
996;17/02/2020
997;17/02/2020
998;17/02/2020
999;17/02/2020
1000;17/02/2020
1001;17/02/2020
1002;17/02/2020
1003;17/02/2020
1004;17/02/2020
1005;17/02/2020
1006;17/02/2020
1007;17/02/2020
1008;17/02/2020
1009;17/02/2020
1010;17/02/2020
1011;17/02/2020
1012;17/02/2020
1013;17/02/2020
1014;17/02/2020
1015;17/02/2020
1016;17/02/2020
1017;17/02/2020
1018;17/02/2020
1019;17/02/2020
1020;17/02/2020
1021;17/02/2020
1022;17/02/2020
1023;17/02/2020
1024;17/02/2020
1025;17/02/2020
1026;17/02/2020
1027;17/02/2020
1028;17/02/2020
1029;17/02/2020
1030;17/02/2020
1031;17/02/2020
1032;17/02/2020
1033;17/02/2020
1034;17/02/2020
1035;17/02/2020
1036;17/02/2020
1037;17/02/2020
1038;17/02/2020
1039;17/02/2020
1040;17/02/2020
1041;17/02/2020
1042;17/02/2020
1043;17/02/2020
1044;17/02/2020
1045;17/02/2020
1046;17/02/2020
1047;17/02/2020
1048;17/02/2020
1049;17/02/2020
1050;17/02/2020
1051;17/02/2020
1052;17/02/2020
1053;17/02/2020
1054;17/02/2020
1055;17/02/2020
1056;17/02/2020
1057;17/02/2020
1058;18/02/2020
1059;18/02/2020
1060;18/02/2020
1061;18/02/2020
1062;18/02/2020
1063;18/02/2020
1064;18/02/2020
1065;18/02/2020
1066;18/02/2020
1067;18/02/2020
1068;18/02/2020
1069;18/02/2020
1070;18/02/2020
1071;18/02/2020
1072;18/02/2020
1073;18/02/2020
1074;18/02/2020
1075;18/02/2020
1076;18/02/2020
1077;18/02/2020
1078;19/02/2020
1079;19/02/2020
1080;19/02/2020
1081;19/02/2020
1082;19/02/2020
1083;19/02/2020
1084;19/02/2020
1085;19/02/2020
1086;19/02/2020
1087;19/02/2020
1088;19/02/2020
1089;19/02/2020
1090;19/02/2020
1091;19/02/2020
1092;19/02/2020
1093;19/02/2020
1094;19/02/2020
1095;19/02/2020
1096;19/02/2020
1097;19/02/2020
1098;19/02/2020
1099;20/02/2020
1100;20/02/2020
1101;20/02/2020
1102;20/02/2020
1103;20/02/2020
1104;20/02/2020
1105;20/02/2020
1106;20/02/2020
1107;20/02/2020
1108;20/02/2020
1109;20/02/2020
1110;20/02/2020
1111;20/02/2020
1112;20/02/2020
1113;20/02/2020
1114;20/02/2020
1115;20/02/2020
1116;20/02/2020
1117;20/02/2020
1118;20/02/2020
1119;20/02/2020
1120;20/02/2020
1121;20/02/2020
1122;20/02/2020
1123;20/02/2020
1124;20/02/2020
1125;20/02/2020
1126;20/02/2020
1127;20/02/2020
1128;20/02/2020
1129;20/02/2020
1130;20/02/2020
1131;20/02/2020
1132;20/02/2020
1133;20/02/2020
1134;20/02/2020
1135;20/02/2020
1136;20/02/2020
1137;20/02/2020
1138;20/02/2020
1139;20/02/2020
1140;20/02/2020
1141;20/02/2020
1142;20/02/2020
1143;20/02/2020
1144;21/02/2020
1145;21/02/2020
1146;21/02/2020
1147;21/02/2020
1148;21/02/2020
1149;21/02/2020
1150;21/02/2020
1151;21/02/2020
1152;21/02/2020
1153;21/02/2020
1154;21/02/2020
1155;21/02/2020
1156;21/02/2020
1157;21/02/2020
1158;21/02/2020
1159;21/02/2020
1160;21/02/2020
1161;21/02/2020
1162;21/02/2020
1163;21/02/2020
1164;21/02/2020
1165;21/02/2020
1166;21/02/2020
1167;21/02/2020
1168;21/02/2020
1169;21/02/2020
1170;21/02/2020
1171;21/02/2020
1172;21/02/2020
1173;21/02/2020
1174;21/02/2020
1175;21/02/2020
1176;21/02/2020
1177;21/02/2020
1178;21/02/2020
1179;21/02/2020
1180;21/02/2020
1181;21/02/2020
1182;21/02/2020
1183;21/02/2020
1184;21/02/2020
1185;21/02/2020
1186;21/02/2020
1187;21/02/2020
1188;21/02/2020
1189;21/02/2020
1190;21/02/2020
1191;21/02/2020
1192;21/02/2020
1193;21/02/2020
1194;21/02/2020
1195;21/02/2020
1196;21/02/2020
1197;21/02/2020
1198;21/02/2020
1199;21/02/2020
1200;21/02/2020
1201;21/02/2020
1202;21/02/2020
1203;21/02/2020
1204;21/02/2020
1205;21/02/2020
1206;21/02/2020
1207;21/02/2020
1208;21/02/2020
1209;21/02/2020
1210;21/02/2020
1211;21/02/2020
1212;21/02/2020
1213;21/02/2020
1214;21/02/2020
1215;21/02/2020
1216;21/02/2020
1217;21/02/2020
1218;21/02/2020
1219;21/02/2020
1220;21/02/2020
1221;21/02/2020
1222;21/02/2020
1223;21/02/2020
1224;21/02/2020
1225;21/02/2020
1226;21/02/2020
1227;21/02/2020
1228;21/02/2020
1229;21/02/2020
1230;21/02/2020
1231;21/02/2020
1232;21/02/2020
1233;21/02/2020
1234;21/02/2020
1235;21/02/2020
1236;21/02/2020
1237;21/02/2020
1238;21/02/2020
1239;21/02/2020
1240;21/02/2020
1241;21/02/2020
1242;21/02/2020
1243;21/02/2020
1244;21/02/2020
1245;21/02/2020
1246;21/02/2020
1247;21/02/2020
1248;21/02/2020
1249;21/02/2020
1250;21/02/2020
1251;21/02/2020
1252;21/02/2020
1253;21/02/2020
1254;21/02/2020
1255;21/02/2020
1256;21/02/2020
1257;21/02/2020
1258;21/02/2020
1259;21/02/2020
1260;21/02/2020
1261;21/02/2020
1262;21/02/2020
1263;21/02/2020
1264;21/02/2020
1265;21/02/2020
1266;21/02/2020
1267;21/02/2020
1268;21/02/2020
1269;21/02/2020
1270;21/02/2020
1271;21/02/2020
1272;21/02/2020
1273;21/02/2020
1274;21/02/2020
1275;21/02/2020
1276;21/02/2020
1277;21/02/2020
1278;21/02/2020
1279;21/02/2020
1280;22/02/2020
1281;22/02/2020
1282;22/02/2020
1283;22/02/2020
1284;22/02/2020
1285;22/02/2020
1286;22/02/2020
1287;22/02/2020
1288;22/02/2020
1289;22/02/2020
1290;22/02/2020
1291;22/02/2020
1292;22/02/2020
1293;22/02/2020
1294;22/02/2020
1295;22/02/2020
1296;22/02/2020
1297;22/02/2020
1298;22/02/2020
1299;22/02/2020
1300;22/02/2020
1301;22/02/2020
1302;22/02/2020
1303;22/02/2020
1304;22/02/2020
1305;22/02/2020
1306;22/02/2020
1307;22/02/2020
1308;23/02/2020
1309;23/02/2020
1310;23/02/2020
1311;23/02/2020
1312;23/02/2020
1313;23/02/2020
1314;23/02/2020
1315;23/02/2020
1316;23/02/2020
1317;23/02/2020
1318;23/02/2020
1319;23/02/2020
1320;23/02/2020
1321;23/02/2020
1322;23/02/2020
1323;23/02/2020
1324;23/02/2020
1325;23/02/2020
1326;23/02/2020
1327;23/02/2020
1328;23/02/2020
1329;25/02/2020
1330;25/02/2020
1331;25/02/2020
1332;25/02/2020
1333;25/02/2020
1334;25/02/2020
1335;25/02/2020
1336;25/02/2020
1337;25/02/2020
1338;25/02/2020
1339;25/02/2020
1340;25/02/2020
1341;25/02/2020
1342;25/02/2020
1343;25/02/2020
1344;25/02/2020
1345;25/02/2020
1346;25/02/2020
1347;25/02/2020
1348;25/02/2020
1349;25/02/2020
1350;25/02/2020
1351;25/02/2020
1352;25/02/2020
1353;25/02/2020
1354;25/02/2020
1355;25/02/2020
1356;25/02/2020
1357;25/02/2020
1358;25/02/2020
1359;25/02/2020
1360;25/02/2020
1361;25/02/2020
1362;25/02/2020
1363;25/02/2020
1364;25/02/2020
1365;25/02/2020
1366;25/02/2020
1367;25/02/2020
1368;25/02/2020
1369;25/02/2020
1370;25/02/2020
1371;25/02/2020
1372;25/02/2020
1373;25/02/2020
1374;25/02/2020
1375;25/02/2020
1376;25/02/2020
1377;25/02/2020
1378;25/02/2020
1379;25/02/2020
1380;25/02/2020
1381;25/02/2020
1382;25/02/2020
1383;25/02/2020
1384;25/02/2020
1385;25/02/2020
1386;25/02/2020
1387;25/02/2020
1388;25/02/2020
1389;25/02/2020
1390;25/02/2020
1391;25/02/2020
1392;25/02/2020
1393;25/02/2020
1394;25/02/2020
1395;25/02/2020
1396;25/02/2020
1397;25/02/2020
1398;25/02/2020
1399;25/02/2020
1400;25/02/2020
1401;25/02/2020
1402;25/02/2020
1403;25/02/2020
1404;25/02/2020
1405;25/02/2020
1406;25/02/2020
1407;25/02/2020
1408;25/02/2020
1409;25/02/2020
1410;25/02/2020
1411;25/02/2020
1412;25/02/2020
1413;25/02/2020
1414;25/02/2020
1415;25/02/2020
1416;25/02/2020
1417;25/02/2020
1418;25/02/2020
1419;25/02/2020
1420;25/02/2020
1421;25/02/2020
1422;25/02/2020
1423;25/02/2020
1424;25/02/2020
1425;25/02/2020
1426;25/02/2020
1427;25/02/2020
1428;25/02/2020
1429;25/02/2020
1430;25/02/2020
1431;25/02/2020
1432;25/02/2020
1433;25/02/2020
1434;25/02/2020
1435;25/02/2020
1436;25/02/2020
1437;25/02/2020
1438;25/02/2020
1439;25/02/2020
1440;25/02/2020
1441;25/02/2020
1442;25/02/2020
1443;25/02/2020
1444;25/02/2020
1445;25/02/2020
1446;25/02/2020
1447;25/02/2020
1448;25/02/2020
1449;25/02/2020
1450;25/02/2020
1451;25/02/2020
1452;25/02/2020
1453;25/02/2020
1454;25/02/2020
1455;25/02/2020
1456;26/02/2020
1457;26/02/2020
1458;26/02/2020
1459;26/02/2020
1460;26/02/2020
1461;26/02/2020
1462;26/02/2020
1463;26/02/2020
1464;26/02/2020
1465;26/02/2020
1466;26/02/2020
1467;26/02/2020
1468;26/02/2020
1469;26/02/2020
1470;26/02/2020
1471;26/02/2020
1472;26/02/2020
1473;26/02/2020
1474;26/02/2020
1475;26/02/2020
1476;26/02/2020
1477;26/02/2020
1478;26/02/2020
1479;26/02/2020
1480;26/02/2020
1481;26/02/2020
1482;26/02/2020
1483;26/02/2020
1484;26/02/2020
1485;26/02/2020
1486;26/02/2020
1487;26/02/2020
1488;26/02/2020
1489;26/02/2020
1490;26/02/2020
1491;26/02/2020
1492;26/02/2020
1493;26/02/2020
1494;26/02/2020
1495;26/02/2020
1496;27/02/2020
1497;27/02/2020
1498;27/02/2020
1499;27/02/2020
1500;27/02/2020
1501;27/02/2020
1502;27/02/2020
1503;27/02/2020
1504;27/02/2020
1505;27/02/2020
1506;27/02/2020
1507;27/02/2020
1508;27/02/2020
1509;27/02/2020
1510;27/02/2020
1511;27/02/2020
1512;27/02/2020
1513;27/02/2020
1514;27/02/2020
1515;27/02/2020
1516;27/02/2020
1517;27/02/2020
1518;27/02/2020
1519;27/02/2020
1520;27/02/2020
1521;27/02/2020
1522;27/02/2020
1523;27/02/2020
1524;27/02/2020
1525;27/02/2020
1526;27/02/2020
1527;27/02/2020
1528;27/02/2020
1529;27/02/2020
1530;27/02/2020
1531;27/02/2020
1532;27/02/2020
1533;27/02/2020
1534;27/02/2020
1535;27/02/2020
1536;27/02/2020
1537;27/02/2020
1538;27/02/2020
1539;27/02/2020
1540;27/02/2020
1541;27/02/2020
1542;27/02/2020
1543;27/02/2020
1544;27/02/2020
1545;27/02/2020
1546;27/02/2020
1547;27/02/2020
1548;27/02/2020
1549;27/02/2020
1550;27/02/2020
1551;27/02/2020
1552;27/02/2020
1553;27/02/2020
1554;27/02/2020
1555;27/02/2020
1556;27/02/2020
1557;27/02/2020
1558;27/02/2020
1559;27/02/2020
1560;27/02/2020
1561;27/02/2020
1562;27/02/2020
1563;27/02/2020
1564;27/02/2020
1565;27/02/2020
1566;27/02/2020
1567;27/02/2020
1568;27/02/2020
1569;27/02/2020
1570;27/02/2020
1571;27/02/2020
1572;27/02/2020
1573;27/02/2020
1574;27/02/2020
1575;27/02/2020
1576;29/02/2020
1577;29/02/2020
1578;29/02/2020
1579;29/02/2020
1580;29/02/2020
1581;29/02/2020
1582;29/02/2020
1583;29/02/2020
1584;29/02/2020
1585;29/02/2020
1586;29/02/2020
1587;29/02/2020
1588;29/02/2020
1589;29/02/2020
1590;29/02/2020
1591;29/02/2020
1592;29/02/2020
1593;29/02/2020
1594;29/02/2020
1595;29/02/2020
1596;01/03/2020
1597;01/03/2020
1598;01/03/2020
1599;01/03/2020
1600;01/03/2020
1601;01/03/2020
1602;01/03/2020
1603;01/03/2020
1604;01/03/2020
1605;01/03/2020
1606;01/03/2020
1607;01/03/2020
1608;01/03/2020
1609;01/03/2020
1610;01/03/2020
1611;01/03/2020
1612;01/03/2020
1613;01/03/2020
1614;01/03/2020
1615;01/03/2020
1616;01/03/2020
1617;01/03/2020
1618;01/03/2020
1619;01/03/2020
1620;01/03/2020
1621;01/03/2020
1622;01/03/2020
1623;01/03/2020
1624;01/03/2020
1625;01/03/2020
1626;01/03/2020
1627;01/03/2020
1628;01/03/2020
1629;01/03/2020
1630;01/03/2020
1631;01/03/2020
1632;01/03/2020
1633;01/03/2020
1634;01/03/2020
1635;01/03/2020
1636;01/03/2020
1637;01/03/2020
1638;01/03/2020
1639;01/03/2020
1640;01/03/2020
1641;01/03/2020
1642;01/03/2020
1643;01/03/2020
1644;01/03/2020
1645;01/03/2020
1646;01/03/2020
1647;01/03/2020
1648;01/03/2020
1649;01/03/2020
1650;01/03/2020
1651;01/03/2020
1652;01/03/2020
1653;01/03/2020
1654;01/03/2020
1655;01/03/2020
1656;01/03/2020
1657;01/03/2020
1658;01/03/2020
1659;01/03/2020
1660;01/03/2020
1661;01/03/2020
1662;01/03/2020
1663;01/03/2020
1664;01/03/2020
1665;01/03/2020
1666;01/03/2020
1667;01/03/2020
1668;01/03/2020
1669;01/03/2020
1670;01/03/2020
1671;01/03/2020
1672;01/03/2020
1673;01/03/2020
1674;01/03/2020
1675;01/03/2020
1676;01/03/2020
1677;01/03/2020
1678;01/03/2020
1679;01/03/2020
1680;01/03/2020
1681;01/03/2020
1682;01/03/2020
1683;01/03/2020
1684;01/03/2020
1685;01/03/2020
1686;01/03/2020
1687;01/03/2020
1688;02/03/2020
1689;02/03/2020
1690;02/03/2020
1691;02/03/2020
1692;02/03/2020
1693;02/03/2020
1694;02/03/2020
1695;02/03/2020
1696;02/03/2020
1697;02/03/2020
1698;02/03/2020
1699;02/03/2020
1700;02/03/2020
1701;02/03/2020
1702;02/03/2020
1703;02/03/2020
1704;02/03/2020
1705;02/03/2020
1706;02/03/2020
1707;02/03/2020
1708;02/03/2020
1709;02/03/2020
1710;02/03/2020
1711;02/03/2020
1712;02/03/2020
1713;02/03/2020
1714;02/03/2020
1715;02/03/2020
1716;02/03/2020
1717;02/03/2020
1718;02/03/2020
1719;02/03/2020
1720;02/03/2020
1721;02/03/2020
1722;02/03/2020
1723;02/03/2020
1724;02/03/2020
1725;02/03/2020
1726;02/03/2020
1727;02/03/2020
1728;02/03/2020
1729;02/03/2020
1730;02/03/2020
1731;02/03/2020
1732;02/03/2020
1733;02/03/2020
1734;02/03/2020
1735;02/03/2020
1736;02/03/2020
1737;02/03/2020
1738;02/03/2020
1739;02/03/2020
1740;02/03/2020
1741;02/03/2020
1742;02/03/2020
1743;02/03/2020
1744;02/03/2020
1745;02/03/2020
1746;02/03/2020
1747;02/03/2020
1748;02/03/2020
1749;02/03/2020
1750;02/03/2020
1751;02/03/2020
1752;02/03/2020
1753;02/03/2020
1754;02/03/2020
1755;02/03/2020
1756;02/03/2020
1757;02/03/2020
1758;02/03/2020
1759;02/03/2020
1760;02/03/2020
1761;02/03/2020
1762;02/03/2020
1763;02/03/2020
1764;02/03/2020
1765;02/03/2020
1766;02/03/2020
1767;02/03/2020
1768;02/03/2020
1769;02/03/2020
1770;02/03/2020
1771;03/03/2020
1772;03/03/2020
1773;03/03/2020
1774;03/03/2020
1775;03/03/2020
1776;03/03/2020
1777;03/03/2020
1778;03/03/2020
1779;03/03/2020
1780;03/03/2020
1781;03/03/2020
1782;03/03/2020
1783;03/03/2020
1784;03/03/2020
1785;03/03/2020
1786;03/03/2020
1787;03/03/2020
1788;03/03/2020
1789;03/03/2020
1790;03/03/2020
1791;03/03/2020
1792;03/03/2020
1793;03/03/2020
1794;03/03/2020
1795;03/03/2020
1796;03/03/2020
1797;03/03/2020
1798;03/03/2020
1799;03/03/2020
1800;03/03/2020
1801;03/03/2020
1802;03/03/2020
1803;03/03/2020
1804;03/03/2020
1805;03/03/2020
1806;03/03/2020
1807;03/03/2020
1808;04/03/2020
1809;04/03/2020
1810;04/03/2020
1811;04/03/2020
1812;04/03/2020
1813;04/03/2020
1814;04/03/2020
1815;04/03/2020
1816;04/03/2020
1817;04/03/2020
1818;04/03/2020
1819;04/03/2020
1820;04/03/2020
1821;04/03/2020
1822;04/03/2020
1823;04/03/2020
1824;04/03/2020
1825;04/03/2020
1826;04/03/2020
1827;04/03/2020
1828;04/03/2020
1829;04/03/2020
1830;04/03/2020
1831;04/03/2020
1832;04/03/2020
1833;04/03/2020
1834;04/03/2020
1835;04/03/2020
1836;04/03/2020
1837;04/03/2020
1838;04/03/2020
1839;04/03/2020
1840;04/03/2020
1841;04/03/2020
1842;04/03/2020
1843;04/03/2020
1844;04/03/2020
1845;04/03/2020
1846;04/03/2020
1847;04/03/2020
1848;04/03/2020
1849;04/03/2020
1850;04/03/2020
1851;04/03/2020
1852;04/03/2020
1853;04/03/2020
1854;04/03/2020
1855;04/03/2020
1856;04/03/2020
1857;04/03/2020
1858;04/03/2020
1859;04/03/2020
1860;04/03/2020
1861;04/03/2020
1862;05/03/2020
1863;05/03/2020
1864;05/03/2020
1865;05/03/2020
1866;05/03/2020
1867;05/03/2020
1868;05/03/2020
1869;05/03/2020
1870;05/03/2020
1871;05/03/2020
1872;05/03/2020
1873;06/03/2020
1874;06/03/2020
1875;06/03/2020
1876;06/03/2020
1877;06/03/2020
1878;06/03/2020
1879;06/03/2020
1880;06/03/2020
1881;06/03/2020
1882;06/03/2020
1883;06/03/2020
1884;06/03/2020
1885;06/03/2020
1886;06/03/2020
1887;06/03/2020
1888;06/03/2020
1889;06/03/2020
1890;06/03/2020
1891;06/03/2020
1892;06/03/2020
1893;06/03/2020
1894;06/03/2020
1895;06/03/2020
1896;06/03/2020
1897;06/03/2020
1898;06/03/2020
1899;06/03/2020
1900;06/03/2020
1901;06/03/2020
1902;06/03/2020
1903;06/03/2020
1904;06/03/2020
1905;06/03/2020
1906;06/03/2020
1907;06/03/2020
1908;06/03/2020
1909;06/03/2020
1910;06/03/2020
1911;06/03/2020
1912;06/03/2020
1913;06/03/2020
1914;06/03/2020
1915;06/03/2020
1916;06/03/2020
1917;06/03/2020
1918;06/03/2020
1919;06/03/2020
1920;06/03/2020
1921;06/03/2020
1922;06/03/2020
1923;06/03/2020
1924;06/03/2020
1925;06/03/2020
1926;07/03/2020
1927;07/03/2020
1928;07/03/2020
1929;07/03/2020
1930;07/03/2020
1931;07/03/2020
1932;07/03/2020
1933;07/03/2020
1934;07/03/2020
1935;07/03/2020
1936;07/03/2020
1937;07/03/2020
1938;07/03/2020
1939;07/03/2020
1940;07/03/2020
1941;07/03/2020
1942;07/03/2020
1943;07/03/2020
1944;07/03/2020
1945;07/03/2020
1946;07/03/2020
1947;07/03/2020
1948;07/03/2020
1949;07/03/2020
1950;07/03/2020
1951;07/03/2020
1952;07/03/2020
1953;07/03/2020
1954;07/03/2020
1955;07/03/2020
1956;07/03/2020
1957;07/03/2020
1958;07/03/2020
1959;07/03/2020
1960;07/03/2020
1961;07/03/2020
1962;07/03/2020
1963;07/03/2020
1964;07/03/2020
1965;07/03/2020
1966;07/03/2020
1967;07/03/2020
1968;07/03/2020
1969;07/03/2020
1970;07/03/2020
1971;07/03/2020
1972;07/03/2020
1973;07/03/2020
1974;07/03/2020
1975;07/03/2020
1976;07/03/2020
1977;07/03/2020
1978;07/03/2020
1979;07/03/2020
1980;07/03/2020
1981;07/03/2020
1982;07/03/2020
1983;07/03/2020
1984;07/03/2020
1985;07/03/2020
1986;07/03/2020
1987;07/03/2020
1988;07/03/2020
1989;08/03/2020
1990;08/03/2020
1991;08/03/2020
1992;08/03/2020
1993;08/03/2020
1994;09/03/2020
1995;09/03/2020
1996;09/03/2020
1997;09/03/2020
1998;09/03/2020
1999;09/03/2020
2000;09/03/2020
2001;09/03/2020
2002;09/03/2020
2003;09/03/2020
2004;09/03/2020
2005;09/03/2020
2006;09/03/2020
2007;09/03/2020
2008;09/03/2020
2009;09/03/2020
2010;09/03/2020
2011;09/03/2020
2012;09/03/2020
2013;09/03/2020
2014;09/03/2020
2015;09/03/2020
2016;09/03/2020
2017;09/03/2020
2018;09/03/2020
2019;09/03/2020
2020;09/03/2020
2021;09/03/2020
2022;09/03/2020
2023;09/03/2020
2024;09/03/2020
2025;09/03/2020
2026;09/03/2020
2027;09/03/2020
2028;09/03/2020
2029;09/03/2020
2030;09/03/2020
2031;09/03/2020
2032;09/03/2020
2033;09/03/2020
2034;09/03/2020
2035;09/03/2020
2036;09/03/2020
2037;09/03/2020
2038;09/03/2020
2039;09/03/2020
2040;09/03/2020
2041;09/03/2020
2042;09/03/2020
2043;11/03/2020
2044;11/03/2020
2045;11/03/2020
2046;11/03/2020
2047;11/03/2020
2048;11/03/2020
2049;11/03/2020
2050;11/03/2020
2051;11/03/2020
2052;11/03/2020
2053;11/03/2020
2054;11/03/2020
2055;11/03/2020
2056;11/03/2020
2057;11/03/2020
2058;11/03/2020
2059;11/03/2020
2060;11/03/2020
2061;11/03/2020
2062;11/03/2020
2063;11/03/2020
2064;11/03/2020
2065;11/03/2020
2066;11/03/2020
2067;11/03/2020
2068;11/03/2020
2069;11/03/2020
2070;11/03/2020
2071;11/03/2020
2072;11/03/2020
2073;11/03/2020
2074;11/03/2020
2075;11/03/2020
2076;11/03/2020
2077;11/03/2020
2078;11/03/2020
2079;11/03/2020
2080;11/03/2020
2081;11/03/2020
2082;11/03/2020
2083;11/03/2020
2084;11/03/2020
2085;11/03/2020
2086;11/03/2020
2087;11/03/2020
2088;11/03/2020
2089;11/03/2020
2090;11/03/2020
2091;11/03/2020
2092;11/03/2020
2093;11/03/2020
2094;11/03/2020
2095;11/03/2020
2096;11/03/2020
2097;11/03/2020
2098;11/03/2020
2099;11/03/2020
2100;11/03/2020
2101;11/03/2020
2102;11/03/2020
2103;11/03/2020
2104;11/03/2020
2105;11/03/2020
2106;11/03/2020
2107;11/03/2020
2108;11/03/2020
2109;11/03/2020
2110;11/03/2020
2111;11/03/2020
2112;11/03/2020
2113;11/03/2020
2114;11/03/2020
2115;11/03/2020
2116;11/03/2020
2117;11/03/2020
2118;11/03/2020
2119;11/03/2020
2120;11/03/2020
2121;11/03/2020
2122;11/03/2020
2123;11/03/2020
2124;11/03/2020
2125;11/03/2020
2126;11/03/2020
2127;11/03/2020
2128;11/03/2020
2129;11/03/2020
2130;11/03/2020
2131;11/03/2020
2132;11/03/2020
2133;11/03/2020
2134;11/03/2020
2135;11/03/2020
2136;11/03/2020
2137;11/03/2020
2138;11/03/2020
2139;11/03/2020
2140;11/03/2020
2141;11/03/2020
2142;11/03/2020
2143;11/03/2020
2144;11/03/2020
2145;11/03/2020
2146;11/03/2020
2147;11/03/2020
2148;11/03/2020
2149;11/03/2020
2150;11/03/2020
2151;11/03/2020
2152;11/03/2020
2153;11/03/2020
2154;11/03/2020
2155;11/03/2020
2156;11/03/2020
2157;11/03/2020
2158;11/03/2020
2159;11/03/2020
2160;11/03/2020
2161;11/03/2020
2162;11/03/2020
2163;11/03/2020
2164;11/03/2020
2165;11/03/2020
2166;11/03/2020
2167;11/03/2020
2168;11/03/2020
2169;11/03/2020
2170;11/03/2020
2171;11/03/2020
2172;11/03/2020
2173;11/03/2020
2174;11/03/2020
2175;11/03/2020
2176;11/03/2020
2177;11/03/2020
2178;11/03/2020
2179;11/03/2020
2180;11/03/2020
2181;12/03/2020
2182;12/03/2020
2183;12/03/2020
2184;12/03/2020
2185;12/03/2020
2186;12/03/2020
2187;12/03/2020
2188;12/03/2020
2189;12/03/2020
2190;12/03/2020
2191;12/03/2020
2192;12/03/2020
2193;12/03/2020
2194;12/03/2020
2195;12/03/2020
2196;12/03/2020
2197;12/03/2020
2198;12/03/2020
2199;12/03/2020
2200;12/03/2020
2201;12/03/2020
2202;12/03/2020
2203;12/03/2020
2204;12/03/2020
2205;12/03/2020
2206;12/03/2020
2207;12/03/2020
2208;12/03/2020
2209;12/03/2020
2210;12/03/2020
2211;12/03/2020
2212;12/03/2020
2213;12/03/2020
2214;12/03/2020
2215;12/03/2020
2216;12/03/2020
2217;12/03/2020
2218;12/03/2020
2219;12/03/2020
2220;12/03/2020
2221;12/03/2020
2222;12/03/2020
2223;12/03/2020
2224;12/03/2020
2225;12/03/2020
2226;12/03/2020
2227;12/03/2020
2228;12/03/2020
2229;12/03/2020
2230;12/03/2020
2231;12/03/2020
2232;12/03/2020
2233;12/03/2020
2234;12/03/2020
2235;12/03/2020
2236;12/03/2020
2237;12/03/2020
2238;13/03/2020
2239;13/03/2020
2240;13/03/2020
2241;13/03/2020
2242;13/03/2020
2243;13/03/2020
2244;13/03/2020
2245;13/03/2020
2246;13/03/2020
2247;13/03/2020
2248;13/03/2020
2249;13/03/2020
2250;13/03/2020
2251;13/03/2020
2252;13/03/2020
2253;13/03/2020
2254;13/03/2020
2255;13/03/2020
2256;13/03/2020
2257;13/03/2020
2258;13/03/2020
2259;13/03/2020
2260;13/03/2020
2261;13/03/2020
2262;13/03/2020
2263;13/03/2020
2264;13/03/2020
2265;13/03/2020
2266;13/03/2020
2267;13/03/2020
2268;13/03/2020
2269;13/03/2020
2270;13/03/2020
2271;13/03/2020
2272;13/03/2020
2273;13/03/2020
2274;13/03/2020
2275;13/03/2020
2276;13/03/2020
2277;13/03/2020
2278;13/03/2020
2279;13/03/2020
2280;13/03/2020
2281;13/03/2020
2282;13/03/2020
2283;13/03/2020
2284;13/03/2020
2285;13/03/2020
2286;13/03/2020
2287;13/03/2020
2288;13/03/2020
2289;13/03/2020
2290;13/03/2020
2291;13/03/2020
2292;13/03/2020
2293;13/03/2020
2294;13/03/2020
2295;13/03/2020
2296;13/03/2020
2297;13/03/2020
2298;13/03/2020
2299;13/03/2020
2300;13/03/2020
2301;13/03/2020
2302;13/03/2020
2303;13/03/2020
2304;13/03/2020
2305;13/03/2020
2306;13/03/2020
2307;13/03/2020
2308;13/03/2020
2309;13/03/2020
2310;13/03/2020
2311;13/03/2020
2312;13/03/2020
2313;13/03/2020
2314;13/03/2020
2315;13/03/2020
2316;13/03/2020
2317;13/03/2020
2318;13/03/2020
2319;13/03/2020
2320;13/03/2020
2321;13/03/2020
2322;13/03/2020
2323;13/03/2020
2324;13/03/2020
2325;13/03/2020
2326;13/03/2020
2327;13/03/2020
2328;13/03/2020
2329;13/03/2020
2330;13/03/2020
2331;13/03/2020
2332;13/03/2020
2333;13/03/2020
2334;13/03/2020
2335;13/03/2020
2336;13/03/2020
2337;13/03/2020
2338;13/03/2020
2339;13/03/2020
2340;13/03/2020
2341;13/03/2020
2342;13/03/2020
2343;13/03/2020
2344;13/03/2020
2345;13/03/2020
2346;13/03/2020
2347;13/03/2020
2348;13/03/2020
2349;13/03/2020
2350;13/03/2020
2351;13/03/2020
2352;13/03/2020
2353;13/03/2020
2354;13/03/2020
2355;13/03/2020
2356;13/03/2020
2357;13/03/2020
2358;13/03/2020
2359;13/03/2020
2360;14/03/2020
2361;14/03/2020
2362;14/03/2020
2363;14/03/2020
2364;14/03/2020
2365;14/03/2020
2366;14/03/2020
2367;14/03/2020
2368;14/03/2020
2369;14/03/2020
2370;14/03/2020
2371;14/03/2020
2372;14/03/2020
2373;14/03/2020
2374;14/03/2020
2375;14/03/2020
2376;14/03/2020
2377;14/03/2020
2378;14/03/2020
2379;14/03/2020
2380;14/03/2020
2381;14/03/2020
2382;14/03/2020
2383;14/03/2020
2384;14/03/2020
2385;14/03/2020
2386;14/03/2020
2387;14/03/2020
2388;14/03/2020
2389;14/03/2020
2390;14/03/2020
2391;14/03/2020
2392;14/03/2020
2393;14/03/2020
2394;14/03/2020
2395;14/03/2020
2396;14/03/2020
2397;14/03/2020
2398;14/03/2020
2399;14/03/2020
2400;14/03/2020
2401;14/03/2020
2402;14/03/2020
2403;14/03/2020
2404;14/03/2020
2405;14/03/2020
2406;14/03/2020
2407;14/03/2020
2408;14/03/2020
2409;14/03/2020
2410;14/03/2020
2411;14/03/2020
2412;14/03/2020
2413;14/03/2020
2414;14/03/2020
2415;14/03/2020
2416;14/03/2020
2417;14/03/2020
2418;14/03/2020
2419;14/03/2020
2420;14/03/2020
2421;14/03/2020
2422;15/03/2020
2423;15/03/2020
2424;15/03/2020
2425;15/03/2020
2426;15/03/2020
2427;15/03/2020
2428;15/03/2020
2429;15/03/2020
2430;15/03/2020
2431;15/03/2020
2432;15/03/2020
2433;15/03/2020
2434;15/03/2020
2435;15/03/2020
2436;15/03/2020
2437;15/03/2020
2438;15/03/2020
2439;15/03/2020
2440;15/03/2020
2441;15/03/2020
2442;15/03/2020
2443;15/03/2020
2444;15/03/2020
2445;15/03/2020
2446;15/03/2020
2447;15/03/2020
2448;15/03/2020
2449;15/03/2020
2450;15/03/2020
2451;15/03/2020
2452;15/03/2020
2453;15/03/2020
2454;17/03/2020
2455;17/03/2020
2456;17/03/2020
2457;17/03/2020
2458;17/03/2020
2459;17/03/2020
2460;17/03/2020
2461;17/03/2020
2462;17/03/2020
2463;17/03/2020
2464;17/03/2020
2465;17/03/2020
2466;17/03/2020
2467;17/03/2020
2468;17/03/2020
2469;17/03/2020
2470;17/03/2020
2471;17/03/2020
2472;17/03/2020
2473;17/03/2020
2474;17/03/2020
2475;17/03/2020
2476;17/03/2020
2477;17/03/2020
2478;17/03/2020
2479;17/03/2020
2480;17/03/2020
2481;17/03/2020
2482;17/03/2020
2483;17/03/2020
2484;17/03/2020
2485;17/03/2020
2486;17/03/2020
2487;17/03/2020
2488;17/03/2020
2489;17/03/2020
2490;17/03/2020
2491;17/03/2020
2492;17/03/2020
2493;17/03/2020
2494;17/03/2020
2495;17/03/2020
2496;17/03/2020
2497;17/03/2020
2498;17/03/2020
2499;17/03/2020
2500;17/03/2020
2501;17/03/2020
2502;17/03/2020
2503;17/03/2020
2504;17/03/2020
2505;17/03/2020
2506;17/03/2020
2507;17/03/2020
2508;18/03/2020
2509;18/03/2020
2510;18/03/2020
2511;18/03/2020
2512;18/03/2020
2513;18/03/2020
2514;18/03/2020
2515;18/03/2020
2516;18/03/2020
2517;18/03/2020
2518;18/03/2020
2519;18/03/2020
2520;18/03/2020
2521;18/03/2020
2522;18/03/2020
2523;18/03/2020
2524;18/03/2020
2525;18/03/2020
2526;18/03/2020
2527;18/03/2020
2528;18/03/2020
2529;18/03/2020
2530;18/03/2020
2531;18/03/2020
2532;18/03/2020
2533;18/03/2020
2534;18/03/2020
2535;18/03/2020
2536;18/03/2020
2537;18/03/2020
2538;18/03/2020
2539;18/03/2020
2540;18/03/2020
2541;18/03/2020
2542;18/03/2020
2543;18/03/2020
2544;18/03/2020
2545;18/03/2020
2546;18/03/2020
2547;18/03/2020
2548;18/03/2020
2549;18/03/2020
2550;18/03/2020
2551;18/03/2020
2552;18/03/2020
2553;18/03/2020
2554;18/03/2020
2555;18/03/2020
2556;18/03/2020
2557;18/03/2020
2558;18/03/2020
2559;18/03/2020
2560;18/03/2020
2561;18/03/2020
2562;18/03/2020
2563;18/03/2020
2564;18/03/2020
2565;18/03/2020
2566;18/03/2020
2567;18/03/2020
2568;18/03/2020
2569;18/03/2020
2570;18/03/2020
2571;18/03/2020
2572;19/03/2020
2573;19/03/2020
2574;19/03/2020
2575;19/03/2020
2576;19/03/2020
2577;19/03/2020
2578;19/03/2020
2579;19/03/2020
2580;19/03/2020
2581;19/03/2020
2582;19/03/2020
2583;19/03/2020
2584;19/03/2020
2585;19/03/2020
2586;19/03/2020
2587;19/03/2020
2588;19/03/2020
2589;19/03/2020
2590;19/03/2020
2591;19/03/2020
2592;19/03/2020
2593;19/03/2020
2594;19/03/2020
2595;19/03/2020
2596;19/03/2020
2597;19/03/2020
2598;19/03/2020
2599;19/03/2020
2600;19/03/2020
2601;19/03/2020
2602;19/03/2020
2603;19/03/2020
2604;19/03/2020
2605;19/03/2020
2606;19/03/2020
2607;19/03/2020
2608;19/03/2020
2609;19/03/2020
2610;19/03/2020
2611;19/03/2020
2612;19/03/2020
2613;19/03/2020
2614;19/03/2020
2615;19/03/2020
2616;19/03/2020
2617;19/03/2020
2618;19/03/2020
2619;19/03/2020
2620;19/03/2020
2621;19/03/2020
2622;19/03/2020
2623;19/03/2020
2624;19/03/2020
2625;19/03/2020
2626;19/03/2020
2627;19/03/2020
2628;19/03/2020
2629;19/03/2020
2630;19/03/2020
2631;19/03/2020
2632;19/03/2020
2633;19/03/2020
2634;19/03/2020
2635;19/03/2020
2636;19/03/2020
2637;19/03/2020
2638;19/03/2020
2639;19/03/2020
2640;19/03/2020
2641;19/03/2020
2642;19/03/2020
2643;19/03/2020
2644;19/03/2020
2645;19/03/2020
2646;19/03/2020
2647;19/03/2020
2648;19/03/2020
2649;19/03/2020
2650;19/03/2020
2651;19/03/2020
2652;19/03/2020
2653;19/03/2020
2654;19/03/2020
2655;19/03/2020
2656;19/03/2020
2657;19/03/2020
2658;21/03/2020
2659;21/03/2020
2660;21/03/2020
2661;21/03/2020
2662;21/03/2020
2663;21/03/2020
2664;21/03/2020
2665;21/03/2020
2666;21/03/2020
2667;21/03/2020
2668;21/03/2020
2669;21/03/2020
2670;21/03/2020
2671;21/03/2020
2672;21/03/2020
2673;21/03/2020
2674;21/03/2020
2675;21/03/2020
2676;21/03/2020
2677;21/03/2020
2678;21/03/2020
2679;21/03/2020
2680;21/03/2020
2681;21/03/2020
2682;21/03/2020
2683;21/03/2020
2684;21/03/2020
2685;21/03/2020
2686;21/03/2020
2687;21/03/2020
2688;21/03/2020
2689;21/03/2020
2690;21/03/2020
2691;21/03/2020
2692;21/03/2020
2693;21/03/2020
2694;21/03/2020
2695;21/03/2020
2696;21/03/2020
2697;21/03/2020
2698;21/03/2020
2699;21/03/2020
2700;21/03/2020
2701;21/03/2020
2702;21/03/2020
2703;21/03/2020
2704;21/03/2020
2705;21/03/2020
2706;21/03/2020
2707;21/03/2020
2708;21/03/2020
2709;21/03/2020
2710;21/03/2020
2711;21/03/2020
2712;21/03/2020
2713;21/03/2020
2714;21/03/2020
2715;21/03/2020
2716;21/03/2020
2717;21/03/2020
2718;21/03/2020
2719;21/03/2020
2720;21/03/2020
2721;21/03/2020
2722;21/03/2020
2723;21/03/2020
2724;21/03/2020
2725;21/03/2020
2726;21/03/2020
2727;21/03/2020
2728;21/03/2020
2729;21/03/2020
2730;21/03/2020
2731;21/03/2020
2732;21/03/2020
2733;21/03/2020
2734;21/03/2020
2735;21/03/2020
2736;21/03/2020
2737;21/03/2020
2738;21/03/2020
2739;21/03/2020
2740;21/03/2020
2741;21/03/2020
2742;21/03/2020
2743;21/03/2020
2744;21/03/2020
2745;21/03/2020
2746;21/03/2020
2747;21/03/2020
2748;21/03/2020
2749;21/03/2020
2750;21/03/2020
2751;21/03/2020
2752;21/03/2020
2753;21/03/2020
2754;21/03/2020
2755;21/03/2020
2756;21/03/2020
2757;21/03/2020
2758;21/03/2020
2759;21/03/2020
2760;21/03/2020
2761;21/03/2020
2762;21/03/2020
2763;21/03/2020
2764;21/03/2020
2765;21/03/2020
2766;21/03/2020
2767;21/03/2020
2768;21/03/2020
2769;21/03/2020
2770;21/03/2020
2771;21/03/2020
2772;21/03/2020
2773;21/03/2020
2774;21/03/2020
2775;21/03/2020
2776;21/03/2020
2777;21/03/2020
2778;21/03/2020
2779;21/03/2020
2780;21/03/2020
2781;21/03/2020
2782;21/03/2020
2783;21/03/2020
2784;21/03/2020
2785;21/03/2020
2786;21/03/2020
2787;21/03/2020
2788;21/03/2020
2789;21/03/2020
2790;21/03/2020
2791;21/03/2020
2792;21/03/2020
2793;21/03/2020
2794;21/03/2020
2795;21/03/2020
2796;21/03/2020
2797;21/03/2020
2798;21/03/2020
2799;21/03/2020
2800;21/03/2020
2801;21/03/2020
2802;21/03/2020
2803;21/03/2020
2804;21/03/2020
2805;21/03/2020
2806;21/03/2020
2807;21/03/2020
2808;21/03/2020
2809;21/03/2020
2810;21/03/2020
2811;21/03/2020
2812;21/03/2020
2813;21/03/2020
2814;21/03/2020
2815;21/03/2020
2816;21/03/2020
2817;21/03/2020
2818;21/03/2020
2819;21/03/2020
2820;21/03/2020
2821;21/03/2020
2822;21/03/2020
2823;21/03/2020
2824;21/03/2020
2825;21/03/2020
2826;21/03/2020
2827;21/03/2020
2828;21/03/2020
2829;22/03/2020
2830;22/03/2020
2831;22/03/2020
2832;22/03/2020
2833;22/03/2020
2834;22/03/2020
2835;22/03/2020
2836;22/03/2020
2837;22/03/2020
2838;22/03/2020
2839;22/03/2020
2840;22/03/2020
2841;22/03/2020
2842;22/03/2020
2843;22/03/2020
2844;22/03/2020
2845;22/03/2020
2846;22/03/2020
2847;22/03/2020
2848;22/03/2020
2849;22/03/2020
2850;22/03/2020
2851;22/03/2020
2852;22/03/2020
2853;22/03/2020
2854;22/03/2020
2855;22/03/2020
2856;22/03/2020
2857;22/03/2020
2858;22/03/2020
2859;22/03/2020
2860;22/03/2020
2861;22/03/2020
2862;22/03/2020
2863;22/03/2020
2864;22/03/2020
2865;22/03/2020
2866;22/03/2020
2867;22/03/2020
2868;22/03/2020
2869;22/03/2020
2870;22/03/2020
2871;22/03/2020
2872;22/03/2020
2873;22/03/2020
2874;22/03/2020
2875;22/03/2020
2876;22/03/2020
2877;22/03/2020
2878;22/03/2020
2879;22/03/2020
2880;22/03/2020
2881;22/03/2020
2882;22/03/2020
2883;22/03/2020
2884;22/03/2020
2885;22/03/2020
2886;22/03/2020
2887;22/03/2020
2888;22/03/2020
2889;22/03/2020
2890;22/03/2020
2891;22/03/2020
2892;22/03/2020
2893;22/03/2020
2894;22/03/2020
2895;22/03/2020
2896;22/03/2020
2897;22/03/2020
2898;22/03/2020
2899;22/03/2020
2900;22/03/2020
2901;22/03/2020
2902;22/03/2020
2903;22/03/2020
2904;22/03/2020
2905;22/03/2020
2906;22/03/2020
2907;22/03/2020
2908;22/03/2020
2909;22/03/2020
2910;22/03/2020
2911;22/03/2020
2912;22/03/2020
2913;22/03/2020
2914;22/03/2020
2915;22/03/2020
2916;22/03/2020
2917;22/03/2020
2918;22/03/2020
2919;22/03/2020
2920;22/03/2020
2921;22/03/2020
2922;22/03/2020
2923;22/03/2020
2924;22/03/2020
2925;22/03/2020
2926;22/03/2020
2927;22/03/2020
2928;22/03/2020
2929;22/03/2020
2930;22/03/2020
2931;22/03/2020
2932;22/03/2020
2933;22/03/2020
2934;22/03/2020
2935;22/03/2020
2936;22/03/2020
2937;22/03/2020
2938;22/03/2020
2939;22/03/2020
2940;22/03/2020
2941;22/03/2020
2942;22/03/2020
2943;22/03/2020
2944;22/03/2020
2945;22/03/2020
2946;22/03/2020
2947;22/03/2020
2948;22/03/2020
2949;22/03/2020
2950;22/03/2020
2951;22/03/2020
2952;22/03/2020
2953;22/03/2020
2954;22/03/2020
2955;22/03/2020
2956;22/03/2020
2957;22/03/2020
2958;22/03/2020
2959;22/03/2020
2960;22/03/2020
2961;22/03/2020
2962;22/03/2020
2963;22/03/2020
2964;22/03/2020
2965;22/03/2020
2966;22/03/2020
2967;22/03/2020
2968;22/03/2020
2969;22/03/2020
2970;22/03/2020
2971;22/03/2020
2972;22/03/2020
2973;22/03/2020
2974;22/03/2020
2975;22/03/2020
2976;22/03/2020
2977;22/03/2020
2978;22/03/2020
2979;22/03/2020
2980;22/03/2020
2981;22/03/2020
2982;22/03/2020
2983;22/03/2020
2984;22/03/2020
2985;22/03/2020
2986;22/03/2020
2987;22/03/2020
2988;22/03/2020
2989;22/03/2020
2990;22/03/2020
2991;22/03/2020
2992;22/03/2020
2993;22/03/2020
2994;22/03/2020
2995;22/03/2020
2996;22/03/2020
2997;22/03/2020
2998;22/03/2020
2999;22/03/2020
3000;22/03/2020
3001;22/03/2020
3002;22/03/2020
3003;22/03/2020
3004;22/03/2020
3005;22/03/2020
3006;22/03/2020
3007;22/03/2020
3008;22/03/2020
3009;22/03/2020
3010;22/03/2020
3011;22/03/2020
3012;22/03/2020
3013;22/03/2020
3014;22/03/2020
3015;22/03/2020
3016;23/03/2020
3017;23/03/2020
3018;23/03/2020
3019;23/03/2020
3020;23/03/2020
3021;23/03/2020
3022;23/03/2020
3023;23/03/2020
3024;23/03/2020
3025;23/03/2020
3026;23/03/2020
3027;23/03/2020
3028;23/03/2020
3029;23/03/2020
3030;23/03/2020
3031;23/03/2020
3032;23/03/2020
3033;23/03/2020
3034;23/03/2020
3035;23/03/2020
3036;23/03/2020
3037;23/03/2020
3038;23/03/2020
3039;23/03/2020
3040;23/03/2020
3041;23/03/2020
3042;23/03/2020
3043;23/03/2020
3044;23/03/2020
3045;23/03/2020
3046;23/03/2020
3047;23/03/2020
3048;23/03/2020
3049;23/03/2020
3050;23/03/2020
3051;23/03/2020
3052;23/03/2020
3053;23/03/2020
3054;23/03/2020
3055;23/03/2020
3056;23/03/2020
3057;23/03/2020
3058;23/03/2020
3059;23/03/2020
3060;23/03/2020
3061;23/03/2020
3062;23/03/2020
3063;23/03/2020
3064;23/03/2020
3065;23/03/2020
3066;23/03/2020
3067;23/03/2020
3068;23/03/2020
3069;23/03/2020
3070;23/03/2020
3071;23/03/2020
3072;23/03/2020
3073;23/03/2020
3074;23/03/2020
3075;23/03/2020
3076;23/03/2020
3077;23/03/2020
3078;23/03/2020
3079;23/03/2020
3080;23/03/2020
3081;23/03/2020
3082;23/03/2020
3083;23/03/2020
3084;23/03/2020
3085;23/03/2020
3086;23/03/2020
3087;23/03/2020
3088;23/03/2020
3089;23/03/2020
3090;23/03/2020
3091;23/03/2020
3092;23/03/2020
3093;23/03/2020
3094;23/03/2020
3095;23/03/2020
3096;23/03/2020
3097;23/03/2020
3098;23/03/2020
3099;23/03/2020
3100;23/03/2020
3101;23/03/2020
3102;23/03/2020
3103;23/03/2020
3104;23/03/2020
3105;23/03/2020
3106;23/03/2020
3107;23/03/2020
3108;23/03/2020
3109;23/03/2020
3110;23/03/2020
3111;23/03/2020
3112;23/03/2020
3113;23/03/2020
3114;23/03/2020
3115;23/03/2020
3116;23/03/2020
3117;23/03/2020
3118;23/03/2020
3119;23/03/2020
3120;23/03/2020
3121;23/03/2020
3122;23/03/2020
3123;23/03/2020
3124;23/03/2020
3125;23/03/2020
3126;23/03/2020
3127;23/03/2020
3128;23/03/2020
3129;23/03/2020
3130;23/03/2020
3131;23/03/2020
3132;23/03/2020
3133;23/03/2020
3134;23/03/2020
3135;23/03/2020
3136;23/03/2020
3137;23/03/2020
3138;23/03/2020
3139;23/03/2020
3140;23/03/2020
3141;23/03/2020
3142;23/03/2020
3143;23/03/2020
3144;23/03/2020
3145;23/03/2020
3146;23/03/2020
3147;23/03/2020
3148;23/03/2020
3149;23/03/2020
3150;23/03/2020
3151;23/03/2020
3152;23/03/2020
3153;23/03/2020
3154;23/03/2020
3155;23/03/2020
3156;23/03/2020
3157;23/03/2020
3158;23/03/2020
3159;23/03/2020
3160;23/03/2020
3161;23/03/2020
3162;23/03/2020
3163;23/03/2020
3164;23/03/2020
3165;23/03/2020
3166;23/03/2020
3167;23/03/2020
3168;23/03/2020
3169;23/03/2020
3170;23/03/2020
3171;23/03/2020
3172;23/03/2020
3173;23/03/2020
3174;23/03/2020
3175;23/03/2020
3176;23/03/2020
3177;23/03/2020
3178;23/03/2020
3179;23/03/2020
3180;23/03/2020
3181;23/03/2020
3182;23/03/2020
3183;23/03/2020
3184;23/03/2020
3185;23/03/2020
3186;23/03/2020
3187;23/03/2020
3188;23/03/2020
3189;23/03/2020
3190;23/03/2020
3191;23/03/2020
3192;23/03/2020
3193;23/03/2020
3194;23/03/2020
3195;23/03/2020
3196;23/03/2020
3197;23/03/2020
3198;23/03/2020
3199;23/03/2020
3200;23/03/2020
3201;23/03/2020
3202;23/03/2020
3203;24/03/2020
3204;24/03/2020
3205;24/03/2020
3206;24/03/2020
3207;24/03/2020
3208;24/03/2020
3209;24/03/2020
3210;24/03/2020
3211;24/03/2020
3212;24/03/2020
3213;24/03/2020
3214;24/03/2020
3215;24/03/2020
3216;24/03/2020
3217;24/03/2020
3218;24/03/2020
3219;24/03/2020
3220;24/03/2020
3221;24/03/2020
3222;24/03/2020
3223;24/03/2020
3224;24/03/2020
3225;24/03/2020
3226;24/03/2020
3227;24/03/2020
3228;24/03/2020
3229;24/03/2020
3230;24/03/2020
3231;24/03/2020
3232;24/03/2020
3233;24/03/2020
3234;24/03/2020
3235;24/03/2020
3236;24/03/2020
3237;24/03/2020
3238;24/03/2020
3239;24/03/2020
3240;24/03/2020
3241;24/03/2020
3242;24/03/2020
3243;24/03/2020
3244;24/03/2020
3245;24/03/2020
3246;24/03/2020
3247;24/03/2020
3248;24/03/2020
3249;24/03/2020
3250;24/03/2020
3251;24/03/2020
3252;24/03/2020
3253;24/03/2020
3254;24/03/2020
3255;24/03/2020
3256;24/03/2020
3257;24/03/2020
3258;24/03/2020
3259;24/03/2020
3260;24/03/2020
3261;24/03/2020
3262;24/03/2020
3263;24/03/2020
3264;24/03/2020
3265;24/03/2020
3266;24/03/2020
3267;24/03/2020
3268;24/03/2020
3269;24/03/2020
3270;24/03/2020
3271;24/03/2020
3272;24/03/2020
3273;24/03/2020
3274;24/03/2020
3275;24/03/2020
3276;24/03/2020
3277;24/03/2020
3278;24/03/2020
3279;24/03/2020
3280;24/03/2020
3281;24/03/2020
3282;24/03/2020
3283;24/03/2020
3284;24/03/2020
3285;24/03/2020
3286;24/03/2020
3287;24/03/2020
3288;24/03/2020
3289;24/03/2020
3290;24/03/2020
3291;24/03/2020
3292;24/03/2020
3293;24/03/2020
3294;24/03/2020
3295;24/03/2020
3296;24/03/2020
3297;24/03/2020
3298;24/03/2020
3299;24/03/2020
3300;24/03/2020
3301;24/03/2020
3302;24/03/2020
3303;24/03/2020
3304;24/03/2020
3305;24/03/2020
3306;24/03/2020
3307;24/03/2020
3308;24/03/2020
3309;24/03/2020
3310;24/03/2020
3311;24/03/2020
3312;24/03/2020
3313;24/03/2020
3314;24/03/2020
3315;24/03/2020
3316;24/03/2020
3317;24/03/2020
3318;24/03/2020
3319;24/03/2020
3320;24/03/2020
3321;24/03/2020
3322;24/03/2020
3323;24/03/2020
3324;24/03/2020
3325;24/03/2020
3326;24/03/2020
3327;24/03/2020
3328;24/03/2020
3329;24/03/2020
3330;24/03/2020
3331;24/03/2020
3332;24/03/2020
3333;24/03/2020
3334;24/03/2020
3335;24/03/2020
3336;24/03/2020
3337;24/03/2020
3338;24/03/2020
3339;24/03/2020
3340;24/03/2020
3341;24/03/2020
3342;24/03/2020
3343;24/03/2020
3344;24/03/2020
3345;24/03/2020
3346;24/03/2020
3347;24/03/2020
3348;24/03/2020
3349;24/03/2020
3350;24/03/2020
3351;24/03/2020
3352;24/03/2020
3353;24/03/2020
3354;24/03/2020
3355;24/03/2020
3356;24/03/2020
3357;24/03/2020
3358;24/03/2020
3359;24/03/2020
3360;24/03/2020
3361;24/03/2020
3362;24/03/2020
3363;24/03/2020
3364;24/03/2020
3365;24/03/2020
3366;24/03/2020
3367;24/03/2020
3368;24/03/2020
3369;24/03/2020
3370;24/03/2020
3371;24/03/2020
3372;24/03/2020
3373;24/03/2020
3374;24/03/2020
3375;24/03/2020
3376;24/03/2020
3377;24/03/2020
3378;24/03/2020
3379;24/03/2020
3380;24/03/2020
3381;24/03/2020
3382;24/03/2020
3383;24/03/2020
3384;24/03/2020
3385;24/03/2020
3386;24/03/2020
3387;24/03/2020
3388;24/03/2020
3389;24/03/2020
3390;25/03/2020
3391;25/03/2020
3392;25/03/2020
3393;25/03/2020
3394;25/03/2020
3395;25/03/2020
3396;25/03/2020
3397;25/03/2020
3398;25/03/2020
3399;25/03/2020
3400;25/03/2020
3401;25/03/2020
3402;25/03/2020
3403;25/03/2020
3404;25/03/2020
3405;25/03/2020
3406;25/03/2020
3407;25/03/2020
3408;25/03/2020
3409;25/03/2020
3410;25/03/2020
3411;25/03/2020
3412;25/03/2020
3413;25/03/2020
3414;25/03/2020
3415;25/03/2020
3416;25/03/2020
3417;25/03/2020
3418;25/03/2020
3419;25/03/2020
3420;25/03/2020
3421;25/03/2020
3422;25/03/2020
3423;25/03/2020
3424;25/03/2020
3425;25/03/2020
3426;25/03/2020
3427;25/03/2020
3428;25/03/2020
3429;25/03/2020
3430;25/03/2020
3431;25/03/2020
3432;25/03/2020
3433;25/03/2020
3434;25/03/2020
3435;25/03/2020
3436;25/03/2020
3437;25/03/2020
3438;25/03/2020
3439;25/03/2020
3440;25/03/2020
3441;25/03/2020
3442;25/03/2020
3443;25/03/2020
3444;25/03/2020
3445;25/03/2020
3446;25/03/2020
3447;25/03/2020
3448;25/03/2020
3449;25/03/2020
3450;25/03/2020
3451;25/03/2020
3452;25/03/2020
3453;25/03/2020
3454;25/03/2020
3455;25/03/2020
3456;25/03/2020
3457;25/03/2020
3458;25/03/2020
3459;25/03/2020
3460;25/03/2020
3461;25/03/2020
3462;25/03/2020
3463;25/03/2020
3464;25/03/2020
3465;25/03/2020
3466;25/03/2020
3467;25/03/2020
3468;25/03/2020
3469;25/03/2020
3470;25/03/2020
3471;25/03/2020
3472;25/03/2020
3473;25/03/2020
3474;25/03/2020
3475;25/03/2020
3476;25/03/2020
3477;25/03/2020
3478;25/03/2020
3479;25/03/2020
3480;25/03/2020
3481;25/03/2020
3482;25/03/2020
3483;25/03/2020
3484;25/03/2020
3485;25/03/2020
3486;25/03/2020
3487;25/03/2020
3488;25/03/2020
3489;25/03/2020
3490;25/03/2020
3491;25/03/2020
3492;25/03/2020
3493;25/03/2020
3494;25/03/2020
3495;25/03/2020
3496;25/03/2020
3497;25/03/2020
3498;25/03/2020
3499;25/03/2020
3500;25/03/2020
3501;25/03/2020
3502;25/03/2020
3503;25/03/2020
3504;25/03/2020
3505;25/03/2020
3506;25/03/2020
3507;25/03/2020
3508;25/03/2020
3509;25/03/2020
3510;25/03/2020
3511;25/03/2020
3512;25/03/2020
3513;25/03/2020
3514;25/03/2020
3515;25/03/2020
3516;25/03/2020
3517;25/03/2020
3518;25/03/2020
3519;25/03/2020
3520;25/03/2020
3521;25/03/2020
3522;25/03/2020
3523;25/03/2020
3524;25/03/2020
3525;25/03/2020
3526;25/03/2020
3527;25/03/2020
3528;25/03/2020
3529;25/03/2020
3530;25/03/2020
3531;25/03/2020
3532;25/03/2020
3533;25/03/2020
3534;25/03/2020
3535;25/03/2020
3536;25/03/2020
3537;25/03/2020
3538;25/03/2020
3539;25/03/2020
3540;25/03/2020
3541;25/03/2020
3542;25/03/2020
3543;25/03/2020
3544;25/03/2020
3545;25/03/2020
3546;25/03/2020
3547;25/03/2020
3548;25/03/2020
3549;25/03/2020
3550;25/03/2020
3551;25/03/2020
3552;25/03/2020
3553;25/03/2020
3554;25/03/2020
3555;25/03/2020
3556;25/03/2020
3557;25/03/2020
3558;25/03/2020
3559;25/03/2020
3560;25/03/2020
3561;25/03/2020
3562;25/03/2020
3563;25/03/2020
3564;25/03/2020
3565;25/03/2020
3566;25/03/2020
3567;25/03/2020
3568;25/03/2020
3569;25/03/2020
3570;25/03/2020
3571;25/03/2020
3572;25/03/2020
3573;25/03/2020
3574;25/03/2020
3575;25/03/2020
3576;25/03/2020
3577;26/03/2020
3578;26/03/2020
3579;26/03/2020
3580;26/03/2020
3581;26/03/2020
3582;26/03/2020
3583;26/03/2020
3584;26/03/2020
3585;26/03/2020
3586;26/03/2020
3587;26/03/2020
3588;26/03/2020
3589;26/03/2020
3590;26/03/2020
3591;26/03/2020
3592;26/03/2020
3593;26/03/2020
3594;26/03/2020
3595;26/03/2020
3596;26/03/2020
3597;26/03/2020
3598;26/03/2020
3599;26/03/2020
3600;26/03/2020
3601;26/03/2020
3602;26/03/2020
3603;26/03/2020
3604;26/03/2020
3605;26/03/2020
3606;26/03/2020
3607;26/03/2020
3608;26/03/2020
3609;26/03/2020
3610;26/03/2020
3611;26/03/2020
3612;26/03/2020
3613;26/03/2020
3614;26/03/2020
3615;26/03/2020
3616;26/03/2020
3617;26/03/2020
3618;26/03/2020
3619;26/03/2020
3620;26/03/2020
3621;26/03/2020
3622;26/03/2020
3623;26/03/2020
3624;26/03/2020
3625;26/03/2020
3626;26/03/2020
3627;26/03/2020
3628;26/03/2020
3629;26/03/2020
3630;26/03/2020
3631;26/03/2020
3632;26/03/2020
3633;26/03/2020
3634;26/03/2020
3635;26/03/2020
3636;26/03/2020
3637;26/03/2020
3638;26/03/2020
3639;26/03/2020
3640;26/03/2020
3641;26/03/2020
3642;26/03/2020
3643;26/03/2020
3644;26/03/2020
3645;26/03/2020
3646;26/03/2020
3647;26/03/2020
3648;26/03/2020
3649;26/03/2020
3650;26/03/2020
3651;26/03/2020
3652;26/03/2020
3653;26/03/2020
3654;26/03/2020
3655;26/03/2020
3656;26/03/2020
3657;26/03/2020
3658;26/03/2020
3659;26/03/2020
3660;26/03/2020
3661;26/03/2020
3662;26/03/2020
3663;26/03/2020
3664;26/03/2020
3665;26/03/2020
3666;26/03/2020
3667;26/03/2020
3668;26/03/2020
3669;26/03/2020
3670;26/03/2020
3671;26/03/2020
3672;26/03/2020
3673;26/03/2020
3674;26/03/2020
3675;26/03/2020
3676;26/03/2020
3677;26/03/2020
3678;26/03/2020
3679;26/03/2020
3680;26/03/2020
3681;26/03/2020
3682;26/03/2020
3683;26/03/2020
3684;26/03/2020
3685;26/03/2020
3686;26/03/2020
3687;26/03/2020
3688;26/03/2020
3689;26/03/2020
3690;26/03/2020
3691;26/03/2020
3692;26/03/2020
3693;26/03/2020
3694;26/03/2020
3695;26/03/2020
3696;26/03/2020
3697;26/03/2020
3698;26/03/2020
3699;26/03/2020
3700;26/03/2020
3701;26/03/2020
3702;26/03/2020
3703;26/03/2020
3704;26/03/2020
3705;26/03/2020
3706;26/03/2020
3707;26/03/2020
3708;26/03/2020
3709;26/03/2020
3710;26/03/2020
3711;26/03/2020
3712;26/03/2020
3713;26/03/2020
3714;26/03/2020
3715;26/03/2020
3716;26/03/2020
3717;26/03/2020
3718;26/03/2020
3719;26/03/2020
3720;26/03/2020
3721;26/03/2020
3722;26/03/2020
3723;26/03/2020
3724;26/03/2020
3725;26/03/2020
3726;26/03/2020
3727;26/03/2020
3728;26/03/2020
3729;26/03/2020
3730;26/03/2020
3731;26/03/2020
3732;26/03/2020
3733;26/03/2020
3734;26/03/2020
3735;26/03/2020
3736;26/03/2020
3737;26/03/2020
3738;26/03/2020
3739;26/03/2020
3740;26/03/2020
3741;26/03/2020
3742;26/03/2020
3743;26/03/2020
3744;26/03/2020
3745;26/03/2020
3746;26/03/2020
3747;26/03/2020
3748;26/03/2020
3749;26/03/2020
3750;26/03/2020
3751;26/03/2020
3752;26/03/2020
3753;26/03/2020
3754;26/03/2020
3755;26/03/2020
3756;26/03/2020
3757;26/03/2020
3758;26/03/2020
3759;26/03/2020
3760;26/03/2020
3761;26/03/2020
3762;26/03/2020
3763;26/03/2020
3764;27/03/2020
3765;27/03/2020
3766;27/03/2020
3767;27/03/2020
3768;27/03/2020
3769;27/03/2020
3770;27/03/2020
3771;27/03/2020
3772;27/03/2020
3773;27/03/2020
3774;27/03/2020
3775;27/03/2020
3776;27/03/2020
3777;27/03/2020
3778;27/03/2020
3779;27/03/2020
3780;27/03/2020
3781;27/03/2020
3782;27/03/2020
3783;27/03/2020
3784;27/03/2020
3785;27/03/2020
3786;27/03/2020
3787;27/03/2020
3788;27/03/2020
3789;27/03/2020
3790;27/03/2020
3791;27/03/2020
3792;27/03/2020
3793;27/03/2020
3794;27/03/2020
3795;27/03/2020
3796;27/03/2020
3797;27/03/2020
3798;27/03/2020
3799;27/03/2020
3800;27/03/2020
3801;27/03/2020
3802;27/03/2020
3803;27/03/2020
3804;27/03/2020
3805;27/03/2020
3806;27/03/2020
3807;27/03/2020
3808;27/03/2020
3809;27/03/2020
3810;27/03/2020
3811;27/03/2020
3812;27/03/2020
3813;27/03/2020
3814;27/03/2020
3815;27/03/2020
3816;27/03/2020
3817;27/03/2020
3818;27/03/2020
3819;27/03/2020
3820;27/03/2020
3821;27/03/2020
3822;27/03/2020
3823;27/03/2020
3824;27/03/2020
3825;27/03/2020
3826;27/03/2020
3827;27/03/2020
3828;27/03/2020
3829;27/03/2020
3830;27/03/2020
3831;27/03/2020
3832;27/03/2020
3833;27/03/2020
3834;27/03/2020
3835;27/03/2020
3836;27/03/2020
3837;27/03/2020
3838;27/03/2020
3839;27/03/2020
3840;27/03/2020
3841;27/03/2020
3842;27/03/2020
3843;27/03/2020
3844;27/03/2020
3845;27/03/2020
3846;27/03/2020
3847;27/03/2020
3848;27/03/2020
3849;27/03/2020
3850;27/03/2020
3851;27/03/2020
3852;27/03/2020
3853;27/03/2020
3854;27/03/2020
3855;27/03/2020
3856;27/03/2020
3857;27/03/2020
3858;27/03/2020
3859;27/03/2020
3860;27/03/2020
3861;27/03/2020
3862;27/03/2020
3863;27/03/2020
3864;27/03/2020
3865;27/03/2020
3866;27/03/2020
3867;27/03/2020
3868;27/03/2020
3869;27/03/2020
3870;27/03/2020
3871;27/03/2020
3872;27/03/2020
3873;27/03/2020
3874;27/03/2020
3875;27/03/2020
3876;27/03/2020
3877;27/03/2020
3878;27/03/2020
3879;27/03/2020
3880;27/03/2020
3881;27/03/2020
3882;27/03/2020
3883;27/03/2020
3884;27/03/2020
3885;27/03/2020
3886;27/03/2020
3887;27/03/2020
3888;27/03/2020
3889;27/03/2020
3890;27/03/2020
3891;27/03/2020
3892;27/03/2020
3893;27/03/2020
3894;27/03/2020
3895;27/03/2020
3896;27/03/2020
3897;27/03/2020
3898;27/03/2020
3899;27/03/2020
3900;27/03/2020
3901;27/03/2020
3902;27/03/2020
3903;27/03/2020
3904;27/03/2020
3905;27/03/2020
3906;27/03/2020
3907;27/03/2020
3908;27/03/2020
3909;27/03/2020
3910;27/03/2020
3911;27/03/2020
3912;27/03/2020
3913;27/03/2020
3914;27/03/2020
3915;27/03/2020
3916;27/03/2020
3917;27/03/2020
3918;27/03/2020
3919;27/03/2020
3920;27/03/2020
3921;27/03/2020
3922;27/03/2020
3923;27/03/2020
3924;27/03/2020
3925;27/03/2020
3926;27/03/2020
3927;27/03/2020
3928;27/03/2020
3929;27/03/2020
3930;27/03/2020
3931;27/03/2020
3932;27/03/2020
3933;27/03/2020
3934;27/03/2020
3935;27/03/2020
3936;27/03/2020
3937;27/03/2020
3938;27/03/2020
3939;27/03/2020
3940;27/03/2020
3941;27/03/2020
3942;27/03/2020
3943;27/03/2020
3944;27/03/2020
3945;27/03/2020
3946;27/03/2020
3947;27/03/2020
3948;27/03/2020
3949;27/03/2020
3950;27/03/2020
3951;28/03/2020
3952;28/03/2020
3953;28/03/2020
3954;28/03/2020
3955;28/03/2020
3956;28/03/2020
3957;28/03/2020
3958;28/03/2020
3959;28/03/2020
3960;28/03/2020
3961;28/03/2020
3962;28/03/2020
3963;28/03/2020
3964;28/03/2020
3965;28/03/2020
3966;28/03/2020
3967;28/03/2020
3968;28/03/2020
3969;28/03/2020
3970;28/03/2020
3971;28/03/2020
3972;28/03/2020
3973;28/03/2020
3974;28/03/2020
3975;28/03/2020
3976;28/03/2020
3977;28/03/2020
3978;28/03/2020
3979;28/03/2020
3980;28/03/2020
3981;28/03/2020
3982;28/03/2020
3983;28/03/2020
3984;28/03/2020
3985;28/03/2020
3986;28/03/2020
3987;28/03/2020
3988;28/03/2020
3989;28/03/2020
3990;28/03/2020
3991;28/03/2020
3992;28/03/2020
3993;28/03/2020
3994;28/03/2020
3995;28/03/2020
3996;28/03/2020
3997;28/03/2020
3998;28/03/2020
3999;28/03/2020
4000;28/03/2020
4001;28/03/2020
4002;28/03/2020
4003;28/03/2020
4004;28/03/2020
4005;28/03/2020
4006;28/03/2020
4007;28/03/2020
4008;28/03/2020
4009;28/03/2020
4010;28/03/2020
4011;28/03/2020
4012;28/03/2020
4013;28/03/2020
4014;28/03/2020
4015;28/03/2020
4016;28/03/2020
4017;28/03/2020
4018;28/03/2020
4019;28/03/2020
4020;28/03/2020
4021;28/03/2020
4022;28/03/2020
4023;28/03/2020
4024;28/03/2020
4025;28/03/2020
4026;28/03/2020
4027;28/03/2020
4028;28/03/2020
4029;28/03/2020
4030;28/03/2020
4031;28/03/2020
4032;28/03/2020
4033;28/03/2020
4034;28/03/2020
4035;28/03/2020
4036;28/03/2020
4037;28/03/2020
4038;28/03/2020
4039;28/03/2020
4040;28/03/2020
4041;28/03/2020
4042;28/03/2020
4043;28/03/2020
4044;28/03/2020
4045;28/03/2020
4046;28/03/2020
4047;28/03/2020
4048;28/03/2020
4049;28/03/2020
4050;28/03/2020
4051;28/03/2020
4052;28/03/2020
4053;28/03/2020
4054;28/03/2020
4055;28/03/2020
4056;28/03/2020
4057;28/03/2020
4058;28/03/2020
4059;28/03/2020
4060;28/03/2020
4061;28/03/2020
4062;28/03/2020
4063;28/03/2020
4064;28/03/2020
4065;28/03/2020
4066;28/03/2020
4067;28/03/2020
4068;28/03/2020
4069;28/03/2020
4070;28/03/2020
4071;28/03/2020
4072;28/03/2020
4073;28/03/2020
4074;28/03/2020
4075;28/03/2020
4076;28/03/2020
4077;28/03/2020
4078;28/03/2020
4079;28/03/2020
4080;28/03/2020
4081;28/03/2020
4082;28/03/2020
4083;28/03/2020
4084;28/03/2020
4085;28/03/2020
4086;28/03/2020
4087;28/03/2020
4088;28/03/2020
4089;28/03/2020
4090;28/03/2020
4091;28/03/2020
4092;28/03/2020
4093;28/03/2020
4094;28/03/2020
4095;28/03/2020
4096;28/03/2020
4097;28/03/2020
4098;28/03/2020
4099;28/03/2020
4100;28/03/2020
4101;28/03/2020
4102;28/03/2020
4103;28/03/2020
4104;28/03/2020
4105;28/03/2020
4106;28/03/2020
4107;28/03/2020
4108;28/03/2020
4109;28/03/2020
4110;28/03/2020
4111;28/03/2020
4112;28/03/2020
4113;28/03/2020
4114;28/03/2020
4115;28/03/2020
4116;28/03/2020
4117;28/03/2020
4118;28/03/2020
4119;28/03/2020
4120;28/03/2020
4121;28/03/2020
4122;28/03/2020
4123;28/03/2020
4124;28/03/2020
4125;28/03/2020
4126;28/03/2020
4127;28/03/2020
4128;28/03/2020
4129;28/03/2020
4130;28/03/2020
4131;28/03/2020
4132;28/03/2020
4133;28/03/2020
4134;28/03/2020
4135;28/03/2020
4136;28/03/2020
4137;28/03/2020
4138;29/03/2020
4139;29/03/2020
4140;29/03/2020
4141;29/03/2020
4142;29/03/2020
4143;29/03/2020
4144;29/03/2020
4145;29/03/2020
4146;29/03/2020
4147;29/03/2020
4148;29/03/2020
4149;29/03/2020
4150;29/03/2020
4151;29/03/2020
4152;29/03/2020
4153;29/03/2020
4154;29/03/2020
4155;29/03/2020
4156;29/03/2020
4157;29/03/2020
4158;29/03/2020
4159;29/03/2020
4160;29/03/2020
4161;29/03/2020
4162;29/03/2020
4163;29/03/2020
4164;29/03/2020
4165;29/03/2020
4166;29/03/2020
4167;29/03/2020
4168;29/03/2020
4169;29/03/2020
4170;29/03/2020
4171;29/03/2020
4172;29/03/2020
4173;29/03/2020
4174;29/03/2020
4175;29/03/2020
4176;29/03/2020
4177;29/03/2020
4178;29/03/2020
4179;29/03/2020
4180;29/03/2020
4181;29/03/2020
4182;29/03/2020
4183;29/03/2020
4184;29/03/2020
4185;29/03/2020
4186;29/03/2020
4187;29/03/2020
4188;29/03/2020
4189;29/03/2020
4190;29/03/2020
4191;29/03/2020
4192;29/03/2020
4193;29/03/2020
4194;29/03/2020
4195;29/03/2020
4196;29/03/2020
4197;29/03/2020
4198;29/03/2020
4199;29/03/2020
4200;29/03/2020
4201;29/03/2020
4202;29/03/2020
4203;29/03/2020
4204;29/03/2020
4205;29/03/2020
4206;29/03/2020
4207;29/03/2020
4208;29/03/2020
4209;29/03/2020
4210;29/03/2020
4211;29/03/2020
4212;29/03/2020
4213;29/03/2020
4214;29/03/2020
4215;29/03/2020
4216;29/03/2020
4217;29/03/2020
4218;29/03/2020
4219;29/03/2020
4220;29/03/2020
4221;29/03/2020
4222;29/03/2020
4223;29/03/2020
4224;29/03/2020
4225;29/03/2020
4226;29/03/2020
4227;29/03/2020
4228;29/03/2020
4229;29/03/2020
4230;29/03/2020
4231;29/03/2020
4232;29/03/2020
4233;29/03/2020
4234;29/03/2020
4235;29/03/2020
4236;29/03/2020
4237;29/03/2020
4238;29/03/2020
4239;29/03/2020
4240;29/03/2020
4241;29/03/2020
4242;29/03/2020
4243;29/03/2020
4244;29/03/2020
4245;29/03/2020
4246;29/03/2020
4247;29/03/2020
4248;29/03/2020
4249;29/03/2020
4250;29/03/2020
4251;29/03/2020
4252;29/03/2020
4253;29/03/2020
4254;29/03/2020
4255;29/03/2020
4256;29/03/2020
4257;29/03/2020
4258;29/03/2020
4259;29/03/2020
4260;29/03/2020
4261;29/03/2020
4262;29/03/2020
4263;29/03/2020
4264;29/03/2020
4265;29/03/2020
4266;29/03/2020
4267;29/03/2020
4268;29/03/2020
4269;29/03/2020
4270;29/03/2020
4271;29/03/2020
4272;29/03/2020
4273;29/03/2020
4274;29/03/2020
4275;29/03/2020
4276;29/03/2020
4277;29/03/2020
4278;29/03/2020
4279;29/03/2020
4280;29/03/2020
4281;29/03/2020
4282;29/03/2020
4283;29/03/2020
4284;29/03/2020
4285;29/03/2020
4286;29/03/2020
4287;29/03/2020
4288;29/03/2020
4289;29/03/2020
4290;29/03/2020
4291;29/03/2020
4292;29/03/2020
4293;29/03/2020
4294;29/03/2020
4295;29/03/2020
4296;29/03/2020
4297;29/03/2020
4298;29/03/2020
4299;29/03/2020
4300;29/03/2020
4301;29/03/2020
4302;29/03/2020
4303;29/03/2020
4304;29/03/2020
4305;29/03/2020
4306;29/03/2020
4307;29/03/2020
4308;29/03/2020
4309;29/03/2020
4310;29/03/2020
4311;29/03/2020
4312;29/03/2020
4313;29/03/2020
4314;29/03/2020
4315;29/03/2020
4316;29/03/2020
4317;29/03/2020
4318;29/03/2020
4319;29/03/2020
4320;29/03/2020
4321;29/03/2020
4322;29/03/2020
4323;29/03/2020
4324;29/03/2020
4325;30/03/2020
4326;30/03/2020
4327;30/03/2020
4328;30/03/2020
4329;30/03/2020
4330;30/03/2020
4331;30/03/2020
4332;30/03/2020
4333;30/03/2020
4334;30/03/2020
4335;30/03/2020
4336;30/03/2020
4337;30/03/2020
4338;30/03/2020
4339;30/03/2020
4340;30/03/2020
4341;30/03/2020
4342;30/03/2020
4343;30/03/2020
4344;30/03/2020
4345;30/03/2020
4346;30/03/2020
4347;30/03/2020
4348;30/03/2020
4349;30/03/2020
4350;30/03/2020
4351;30/03/2020
4352;30/03/2020
4353;30/03/2020
4354;30/03/2020
4355;30/03/2020
4356;30/03/2020
4357;30/03/2020
4358;30/03/2020
4359;30/03/2020
4360;30/03/2020
4361;30/03/2020
4362;30/03/2020
4363;30/03/2020
4364;30/03/2020
4365;30/03/2020
4366;30/03/2020
4367;30/03/2020
4368;30/03/2020
4369;30/03/2020
4370;30/03/2020
4371;30/03/2020
4372;30/03/2020
4373;30/03/2020
4374;30/03/2020
4375;30/03/2020
4376;30/03/2020
4377;30/03/2020
4378;30/03/2020
4379;30/03/2020
4380;30/03/2020
4381;30/03/2020
4382;30/03/2020
4383;30/03/2020
4384;30/03/2020
4385;30/03/2020
4386;30/03/2020
4387;30/03/2020
4388;30/03/2020
4389;30/03/2020
4390;30/03/2020
4391;30/03/2020
4392;30/03/2020
4393;30/03/2020
4394;30/03/2020
4395;30/03/2020
4396;30/03/2020
4397;30/03/2020
4398;30/03/2020
4399;30/03/2020
4400;30/03/2020
4401;30/03/2020
4402;30/03/2020
4403;30/03/2020
4404;30/03/2020
4405;30/03/2020
4406;30/03/2020
4407;30/03/2020
4408;30/03/2020
4409;30/03/2020
4410;30/03/2020
4411;30/03/2020
4412;30/03/2020
4413;30/03/2020
4414;30/03/2020
4415;30/03/2020
4416;30/03/2020
4417;30/03/2020
4418;30/03/2020
4419;30/03/2020
4420;30/03/2020
4421;30/03/2020
4422;30/03/2020
4423;30/03/2020
4424;30/03/2020
4425;30/03/2020
4426;30/03/2020
4427;30/03/2020
4428;30/03/2020
4429;30/03/2020
4430;30/03/2020
4431;30/03/2020
4432;30/03/2020
4433;30/03/2020
4434;30/03/2020
4435;30/03/2020
4436;30/03/2020
4437;30/03/2020
4438;30/03/2020
4439;30/03/2020
4440;30/03/2020
4441;30/03/2020
4442;30/03/2020
4443;30/03/2020
4444;30/03/2020
4445;30/03/2020
4446;30/03/2020
4447;30/03/2020
4448;30/03/2020
4449;30/03/2020
4450;30/03/2020
4451;30/03/2020
4452;30/03/2020
4453;30/03/2020
4454;30/03/2020
4455;30/03/2020
4456;30/03/2020
4457;30/03/2020
4458;30/03/2020
4459;30/03/2020
4460;30/03/2020
4461;30/03/2020
4462;30/03/2020
4463;30/03/2020
4464;30/03/2020
4465;30/03/2020
4466;30/03/2020
4467;30/03/2020
4468;30/03/2020
4469;30/03/2020
4470;30/03/2020
4471;30/03/2020
4472;30/03/2020
4473;30/03/2020
4474;30/03/2020
4475;30/03/2020
4476;30/03/2020
4477;30/03/2020
4478;30/03/2020
4479;30/03/2020
4480;30/03/2020
4481;30/03/2020
4482;30/03/2020
4483;30/03/2020
4484;30/03/2020
4485;30/03/2020
4486;30/03/2020
4487;30/03/2020
4488;30/03/2020
4489;30/03/2020
4490;30/03/2020
4491;30/03/2020
4492;30/03/2020
4493;30/03/2020
4494;30/03/2020
4495;30/03/2020
4496;30/03/2020
4497;30/03/2020
4498;30/03/2020
4499;30/03/2020
4500;30/03/2020
4501;30/03/2020
4502;30/03/2020
4503;30/03/2020
4504;30/03/2020
4505;30/03/2020
4506;30/03/2020
4507;30/03/2020
4508;30/03/2020
4509;30/03/2020
4510;30/03/2020
4511;30/03/2020
4512;31/03/2020
4513;31/03/2020
4514;31/03/2020
4515;31/03/2020
4516;31/03/2020
4517;31/03/2020
4518;31/03/2020
4519;31/03/2020
4520;31/03/2020
4521;31/03/2020
4522;31/03/2020
4523;31/03/2020
4524;31/03/2020
4525;31/03/2020
4526;31/03/2020
4527;31/03/2020
4528;31/03/2020
4529;31/03/2020
4530;31/03/2020
4531;31/03/2020
4532;31/03/2020
4533;31/03/2020
4534;31/03/2020
4535;31/03/2020
4536;31/03/2020
4537;31/03/2020
4538;31/03/2020
4539;31/03/2020
4540;31/03/2020
4541;31/03/2020
4542;31/03/2020
4543;31/03/2020
4544;31/03/2020
4545;31/03/2020
4546;31/03/2020
4547;31/03/2020
4548;31/03/2020
4549;31/03/2020
4550;31/03/2020
4551;31/03/2020
4552;31/03/2020
4553;31/03/2020
4554;31/03/2020
4555;31/03/2020
4556;31/03/2020
4557;31/03/2020
4558;31/03/2020
4559;31/03/2020
4560;31/03/2020
4561;31/03/2020
4562;31/03/2020
4563;31/03/2020
4564;31/03/2020
4565;31/03/2020
4566;31/03/2020
4567;31/03/2020
4568;31/03/2020
4569;31/03/2020
4570;31/03/2020
4571;31/03/2020
4572;31/03/2020
4573;31/03/2020
4574;31/03/2020
4575;31/03/2020
4576;31/03/2020
4577;31/03/2020
4578;31/03/2020
4579;31/03/2020
4580;31/03/2020
4581;31/03/2020
4582;31/03/2020
4583;31/03/2020
4584;31/03/2020
4585;31/03/2020
4586;31/03/2020
4587;31/03/2020
4588;31/03/2020
4589;31/03/2020
4590;31/03/2020
4591;31/03/2020
4592;31/03/2020
4593;31/03/2020
4594;31/03/2020
4595;31/03/2020
4596;31/03/2020
4597;31/03/2020
4598;31/03/2020
4599;31/03/2020
4600;31/03/2020
4601;31/03/2020
4602;31/03/2020
4603;31/03/2020
4604;31/03/2020
4605;31/03/2020
4606;31/03/2020
4607;31/03/2020
4608;31/03/2020
4609;31/03/2020
4610;31/03/2020
4611;31/03/2020
4612;31/03/2020
4613;31/03/2020
4614;31/03/2020
4615;31/03/2020
4616;31/03/2020
4617;31/03/2020
4618;31/03/2020
4619;31/03/2020
4620;31/03/2020
4621;31/03/2020
4622;31/03/2020
4623;31/03/2020
4624;31/03/2020
4625;31/03/2020
4626;31/03/2020
4627;31/03/2020
4628;31/03/2020
4629;31/03/2020
4630;31/03/2020
4631;31/03/2020
4632;31/03/2020
4633;31/03/2020
4634;31/03/2020
4635;31/03/2020
4636;31/03/2020
4637;31/03/2020
4638;31/03/2020
4639;31/03/2020
4640;31/03/2020
4641;31/03/2020
4642;31/03/2020
4643;31/03/2020
4644;31/03/2020
4645;31/03/2020
4646;31/03/2020
4647;31/03/2020
4648;31/03/2020
4649;31/03/2020
4650;31/03/2020
4651;31/03/2020
4652;31/03/2020
4653;31/03/2020
4654;31/03/2020
4655;31/03/2020
4656;31/03/2020
4657;31/03/2020
4658;31/03/2020
4659;31/03/2020
4660;31/03/2020
4661;31/03/2020
4662;31/03/2020
4663;31/03/2020
4664;31/03/2020
4665;31/03/2020
4666;31/03/2020
4667;31/03/2020
4668;31/03/2020
4669;31/03/2020
4670;31/03/2020
4671;31/03/2020
4672;31/03/2020
4673;31/03/2020
4674;31/03/2020
4675;31/03/2020
4676;31/03/2020
4677;31/03/2020
4678;31/03/2020
4679;31/03/2020
4680;31/03/2020
4681;31/03/2020
4682;31/03/2020
4683;31/03/2020
4684;31/03/2020
4685;31/03/2020
4686;31/03/2020
4687;31/03/2020
4688;31/03/2020
4689;31/03/2020
4690;31/03/2020
4691;31/03/2020
4692;31/03/2020
4693;31/03/2020
4694;31/03/2020
4695;31/03/2020
4696;31/03/2020
4697;31/03/2020
4698;31/03/2020
